basic_hotelNo,basic_hotelName,basic_hotelInformationUrl,basic_planListUrl,basic_dpPlanListUrl,basic_reviewUrl,basic_hotelKanaName,basic_hotelSpecial,basic_hotelMinCharge,basic_latitude,basic_longitude,basic_postalCode,basic_address1,basic_address2,basic_telephoneNo,basic_faxNo,basic_access,basic_parkingInformation,basic_nearestStation,basic_hotelImageUrl,basic_hotelThumbnailUrl,basic_roomImageUrl,basic_roomThumbnailUrl,basic_hotelMapImageUrl,basic_reviewCount,basic_reviewAverage,basic_userReview,room_roomClass,room_roomName,room_planId,room_planName,room_pointRate,room_withDinnerFlag,room_dinnerSelectFlag,room_withBreakfastFlag,room_breakfastSelectFlag,room_payment,room_reserveUrl,room_salesformFlag,charge_stayDate,charge_rakutenCharge,charge_total,charge_chargeFlag
151369,ＫＯＫＯ　ＨＯＴＥＬ　博多駅前（旧：ホテルウィングインターナショナルセレクト博多駅前）,https://img.travel.rakuten.co.jp/image/tr/api/re/pvonD/?f_no=151369,https://img.travel.rakuten.co.jp/image/tr/api/re/vFumt/?f_no=151369&f_flg=PLAN,https://img.travel.rakuten.co.jp/image/tr/api/re/WzozX/?noTomariHotel=151369,https://img.travel.rakuten.co.jp/image/tr/api/re/gJNfM/?f_hotel_no=151369,ここ　ほてる　はかたえきまえ,【TVで話題！博多駅徒歩4分のデザインホテル】世界11都市を巡る寛ぎの空間。全室シモンズ製ベッドとナノイー空気清浄機完備,2925,120906.47,469507.04,812-0011,福岡県,福岡市博多区博多駅前3-22-19,092-476-9111,092-476-9112,JR・地下鉄博多駅博多口から徒歩4分☆福岡空港国内線から地下鉄で2駅　タクシーで約15分　国際線からタクシーで約20分,提携有料駐車場有り／270台収容　24時間1500円（税込）でサービス券販売中,博多,https://img.travel.rakuten.co.jp/share/HOTEL/151369/151369.jpg,https://img.travel.rakuten.co.jp/HIMG/90/151369.jpg,https://img.travel.rakuten.co.jp/share/HOTEL/151369/151369_kan1.jpg,https://img.travel.rakuten.co.jp/HIMG/INTERIOR/151369.jpg,https://img.travel.rakuten.co.jp/share/HOTEL/151369/151369map.gif,1072,4.07,"部屋の広さは別にしても、風呂場に入るのに着替えるところがないのは、二人部屋にしてはおかしな作りだと思う。…　2026-04-12 08:04:50投稿 <a href=""https://img.travel.rakuten.co.jp/image/tr/api/re/gJNfM/?f_hotel_no=151369"" class=""3click"">つづきはこちら</a>",deluxe,【South Wing】禁煙デラックスシングルルーム,5702098,【タイムセール／素泊まり】インスタ映え抜群！フロアごとに異なる世界の都市をイメージしたデザイン,1,0,0,0,0,1,https://img.travel.rakuten.co.jp/image/tr/api/re/IdsCY/?f_no=151369&f_syu=deluxe&f_hi1=2026-04-14&f_hi2=2026-04-15&f_heya_su=1&f_otona_su=1&f_s1=0&f_s2=0&f_y1=0&f_y2=0&f_y3=0&f_y4=0&f_camp_id=5702098,0,2026-04-14,21735,21735,0
108259,ホテルアクティブ！博多,https://img.travel.rakuten.co.jp/image/tr/api/re/pvonD/?f_no=108259,https://img.travel.rakuten.co.jp/image/tr/api/re/vFumt/?f_no=108259&f_flg=PLAN,https://img.travel.rakuten.co.jp/image/tr/api/re/WzozX/?noTomariHotel=108259,https://img.travel.rakuten.co.jp/image/tr/api/re/gJNfM/?f_hotel_no=108259,あくてぃぶ！はかた,和洋ビュッフェ朝食無料サービス＆人工温泉大浴場付◆博多駅博多口より徒歩約4分◆楽天GOLDアワード2025受賞,6000,120908.36,469505.34,812-0011,福岡県,福岡市博多区博多駅前3-20-16,092-452-0001,092-452-0011,ＪＲ博多駅・博多口より徒歩約４分◆空港からは地下鉄で博多駅まで約５分・西２０番出口から徒歩約２分,普通車１台１泊税込１１００円／徒歩１分圏に複数の契約駐車場（総枠数１６５台）全枠平置きでハイルーフ可,博多,https://img.travel.rakuten.co.jp/share/HOTEL/108259/108259.jpg,https://img.travel.rakuten.co.jp/HIMG/90/108259.jpg,,,https://img.travel.rakuten.co.jp/share/HOTEL/108259/108259map.gif,11180,4.34,"クチコミ…　2026-04-11 00:30:21投稿 <a href=""https://img.travel.rakuten.co.jp/image/tr/api/re/gJNfM/?f_hotel_no=108259"" class=""3click"">つづきはこちら</a>",a-ns,◇禁煙◇アクティブルーム（ダブルベッド×1）新感覚レイアウト,6417217,【ゴールドアワード2025】受賞記念プラン！和洋ビュッフェ朝食無料／人工温泉大浴場,1,0,0,1,0,1,https://img.travel.rakuten.co.jp/image/tr/api/re/IdsCY/?f_no=108259&f_syu=a-ns&f_hi1=2026-04-14&f_hi2=2026-04-15&f_heya_su=1&f_otona_su=1&f_s1=0&f_s2=0&f_y1=0&f_y2=0&f_y3=0&f_y4=0&f_camp_id=6417217,0,2026-04-14,15800,15800,0
80574,博多グリーンホテルアネックス,https://img.travel.rakuten.co.jp/image/tr/api/re/pvonD/?f_no=80574,https://img.travel.rakuten.co.jp/image/tr/api/re/vFumt/?f_no=80574&f_flg=PLAN,https://img.travel.rakuten.co.jp/image/tr/api/re/WzozX/?noTomariHotel=80574,https://img.travel.rakuten.co.jp/image/tr/api/re/gJNfM/?f_hotel_no=80574,はかたぐりーんほてるあねっくす,博多駅徒歩1分でアクセス抜群！１３時イン・１２時アウトのゆったり滞在。◇個別空調◇シモンズベッド◇直営コンビニ１Ｆ有,7000,120916.94,469527.77,812-0012,福岡県,福岡市博多区博多駅中央街4-32,092-451-4112,092-451-4177,【最短アクセス】福岡空港～地下鉄５分。JR博多駅筑紫口（新幹線口）～徒歩１分！,"1泊／2,500円　先着・予約不可(満車・サイズによる入庫不可は有料駐車場へ案内　※途中入出庫不可)",博多,https://img.travel.rakuten.co.jp/share/HOTEL/80574/80574.jpg,https://img.travel.rakuten.co.jp/HIMG/90/80574.jpg,https://img.travel.rakuten.co.jp/share/HOTEL/80574/80574_room.jpg,https://img.travel.rakuten.co.jp/HIMG/INTERIOR/80574.jpg,https://img.travel.rakuten.co.jp/share/HOTEL/80574/80574map.gif,2471,4.31,"クチコミの詳細はこちらから　https://review.travel.rakuten.co.jp/hotel/voice/80574?reviewI…　2026-04-11 16:55:39投稿 <a href=""https://img.travel.rakuten.co.jp/image/tr/api/re/gJNfM/?f_hotel_no=80574"" class=""3click"">つづきはこちら</a>",dk,禁煙ダブルルーム,2797237,【素泊まり】13時イン12時アウト ペア＆ファミリープラン,1,0,0,0,0,1,https://img.travel.rakuten.co.jp/image/tr/api/re/IdsCY/?f_no=80574&f_syu=dk&f_hi1=2026-04-14&f_hi2=2026-04-15&f_heya_su=1&f_otona_su=1&f_s1=0&f_s2=0&f_y1=0&f_y2=0&f_y3=0&f_y4=0&f_camp_id=2797237,0,2026-04-14,28000,28000,0
7251,ホテルクリオコート博多,https://img.travel.rakuten.co.jp/image/tr/api/re/pvonD/?f_no=7251,https://img.travel.rakuten.co.jp/image/tr/api/re/vFumt/?f_no=7251&f_flg=PLAN,https://img.travel.rakuten.co.jp/image/tr/api/re/WzozX/?noTomariHotel=7251,https://img.travel.rakuten.co.jp/image/tr/api/re/gJNfM/?f_hotel_no=7251,くりおこーと　はかた,博多駅から徒歩1分で安心・安全！全室21㎡以上で快適！手荷物もお預かりします。Wi-Fi使えます！（全フロア利用可！）,5760,120911.62,469526.65,812-0012,福岡県,福岡市博多区博多駅中央街5-3,092-472-1111,092-474-3222,福岡県福岡市博多区博多駅中央街5-3 ホテルクリオコート博多（博多駅筑紫口から徒歩１分）,1泊￥1500 / 29　台【予約制】,博多,https://img.travel.rakuten.co.jp/share/HOTEL/7251/7251.jpg,https://img.travel.rakuten.co.jp/HIMG/90/7251.jpg,https://img.travel.rakuten.co.jp/share/HOTEL/7251/7251_room.jpg,https://img.travel.rakuten.co.jp/HIMG/INTERIOR/7251.jpg,https://img.travel.rakuten.co.jp/share/HOTEL/7251/7251map.gif,5868,4.23,"クチコミの詳細はこちらから　https://review.trave…　2026-04-09 18:44:49投稿 <a href=""https://img.travel.rakuten.co.jp/image/tr/api/re/gJNfM/?f_hotel_no=7251"" class=""3click"">つづきはこちら</a>",connecting,エグゼクティブコネクティングルーム【禁煙】75平米,6366236,【ポイント2倍】新登場！コネクティングルーム改装記念プラン,2,0,0,0,0,1,https://img.travel.rakuten.co.jp/image/tr/api/re/IdsCY/?f_no=7251&f_syu=connecting&f_hi1=2026-04-14&f_hi2=2026-04-15&f_heya_su=1&f_otona_su=1&f_s1=0&f_s2=0&f_y1=0&f_y2=0&f_y3=0&f_y4=0&f_camp_id=6366236,0,2026-04-14,54000,54000,0
178967,ホテルフロント・イン福岡空港,https://img.travel.rakuten.co.jp/image/tr/api/re/pvonD/?f_no=178967,https://img.travel.rakuten.co.jp/image/tr/api/re/vFumt/?f_no=178967&f_flg=PLAN,https://img.travel.rakuten.co.jp/image/tr/api/re/WzozX/?noTomariHotel=178967,https://img.travel.rakuten.co.jp/image/tr/api/re/gJNfM/?f_hotel_no=178967,ふろんといんふくおかくうこう,福岡空港や博多の森陸上競技場に隣接しビジネス・観光・イベントの拠点に最適なホテルです。博多・中洲・天神へのアクセスも抜群,7040,120956.0,469638.78,811‐2205,福岡県,糟屋郡志免町別府2-18-1,092-624-6688,092-624-6677,地下鉄　福岡空港駅より徒歩にて約12分,有り　32台　1泊１区画800円（※2tロング以上は１区画1600円）　要予約,福岡空港,https://img.travel.rakuten.co.jp/share/HOTEL/178967/178967.jpg,https://img.travel.rakuten.co.jp/HIMG/90/178967.jpg,,,https://img.travel.rakuten.co.jp/share/HOTEL/178967/178967map.gif,603,4.08,"クチコミの詳…　2026-04-11 21:55:07投稿 <a href=""https://img.travel.rakuten.co.jp/image/tr/api/re/gJNfM/?f_hotel_no=178967"" class=""3click"">つづきはこちら</a>",t1,デラックスキング,4891430,【福岡空港ご利用の方限定】素泊りプラン,1,0,0,0,0,1,https://img.travel.rakuten.co.jp/image/tr/api/re/IdsCY/?f_no=178967&f_syu=t1&f_hi1=2026-04-14&f_hi2=2026-04-15&f_heya_su=1&f_otona_su=1&f_s1=0&f_s2=0&f_y1=0&f_y2=0&f_y3=0&f_y4=0&f_camp_id=4891430,0,2026-04-14,15200,15200,0
76404,天然温泉　御笠の湯　ドーミーイン博多祇園（２０２６年４月１日リニューアルオープン）,https://img.travel.rakuten.co.jp/image/tr/api/re/pvonD/?f_no=76404,https://img.travel.rakuten.co.jp/image/tr/api/re/vFumt/?f_no=76404&f_flg=PLAN,https://img.travel.rakuten.co.jp/image/tr/api/re/WzozX/?noTomariHotel=76404,https://img.travel.rakuten.co.jp/image/tr/api/re/gJNfM/?f_hotel_no=76404,てんねんおんせん　みかさのゆ　どーみーいんはかたぎおん,【4月リニューアルオープン】博多で温泉に入ろう！空港から地下鉄で1本でアクセス抜群　博多名物「水炊き」自慢の朝食を☆,8500,120924.81,469495.06,812-0039,福岡県,福岡市博多区冷泉町1-12,092-271-5489,092-271-5210,地下鉄空港線「祗園駅」3番出口から徒歩1分、博多駅から徒歩約10分,12台【先着順・出入自由・1泊 ２０００円】満車の際は提携先又は近隣駐車場にご案内させて頂きます。,祇園（福岡）,https://img.travel.rakuten.co.jp/share/HOTEL/76404/76404.jpg,https://img.travel.rakuten.co.jp/HIMG/90/76404.jpg,https://img.travel.rakuten.co.jp/share/HOTEL/76404/76404_d.jpg,https://img.travel.rakuten.co.jp/HIMG/INTERIOR/76404.jpg,https://img.travel.rakuten.co.jp/share/HOTEL/76404/76404map.gif,4646,4.28,"友人に会うために少し早めに到着し荷物を預かってもらったのですがフロントの方も笑顔で対応してしてくださいました。天然温泉とありました。ゆったりと過ごせましたし湯上が…　2026-04-12 04:49:00投稿 <a href=""https://img.travel.rakuten.co.jp/image/tr/api/re/gJNfM/?f_hotel_no=76404"" class=""3click"">つづきはこちら</a>",ctn,【7～10F指定】◆CLUB FLOOR ツイン◆《禁煙》,1834097,【大浴場×サウナでととのう！】ドーミーインスタンダードプラン!!＜素泊まり＞,1,0,0,0,0,1,https://img.travel.rakuten.co.jp/image/tr/api/re/IdsCY/?f_no=76404&f_syu=ctn&f_hi1=2026-04-14&f_hi2=2026-04-15&f_heya_su=1&f_otona_su=1&f_s1=0&f_s2=0&f_y1=0&f_y2=0&f_y3=0&f_y4=0&f_camp_id=1834097,0,2026-04-14,26500,26500,0
2325,ホテル日航福岡,https://img.travel.rakuten.co.jp/image/tr/api/re/pvonD/?f_no=2325,https://img.travel.rakuten.co.jp/image/tr/api/re/vFumt/?f_no=2325&f_flg=PLAN,https://img.travel.rakuten.co.jp/image/tr/api/re/WzozX/?noTomariHotel=2325,https://img.travel.rakuten.co.jp/image/tr/api/re/gJNfM/?f_hotel_no=2325,にっこうふくおか,ホテル本館6階フィットネスクラブが改装工事の為2025年4月1日から2026年3月31日まで営業休止となります。,11150,120917.58,469510.07,812-0011,福岡県,福岡市博多区博多駅前2-18-25　,092-482-1111,092-482-1127,ＪＲ博多シティ(博多駅)から徒歩3分/福岡空港から地下鉄2駅(所要時間5分)※地下道で直結・P5番出口,ホテル地下駐車場◇117台◇1泊1500円(※2026年4月1日より1泊2000円に改定),博多,https://img.travel.rakuten.co.jp/share/HOTEL/2325/2325.jpg,https://img.travel.rakuten.co.jp/HIMG/90/2325.jpg,https://img.travel.rakuten.co.jp/share/HOTEL/2325/2325_kya.jpg,https://img.travel.rakuten.co.jp/HIMG/INTERIOR/2325.jpg,https://img.travel.rakuten.co.jp/share/HOTEL/2325/2325map.gif,3691,4.44,"クチコミの詳細はこちらから　https://review.travel.rakuten.co…　2026-04-12 09:27:19投稿 <a href=""https://img.travel.rakuten.co.jp/image/tr/api/re/gJNfM/?f_hotel_no=2325"" class=""3click"">つづきはこちら</a>",ssnw1,【ショートステイ NEW】1名様利用 お部屋タイプおまかせ,6318014,【☆新客室限定ショートステイプラン☆】 18時チェックイン＆8時チェックアウト(素泊り)♪,1,0,0,0,0,1,https://img.travel.rakuten.co.jp/image/tr/api/re/IdsCY/?f_no=2325&f_syu=ssnw1&f_hi1=2026-04-14&f_hi2=2026-04-15&f_heya_su=1&f_otona_su=1&f_s1=0&f_s2=0&f_y1=0&f_y2=0&f_y3=0&f_y4=0&f_camp_id=6318014,0,2026-04-14,17000,17000,1
9227,マースガーデンホテル博多,https://img.travel.rakuten.co.jp/image/tr/api/re/pvonD/?f_no=9227,https://img.travel.rakuten.co.jp/image/tr/api/re/vFumt/?f_no=9227&f_flg=PLAN,https://img.travel.rakuten.co.jp/image/tr/api/re/WzozX/?noTomariHotel=9227,https://img.travel.rakuten.co.jp/image/tr/api/re/gJNfM/?f_hotel_no=9227,まーすがーでんほてるはかた,有名店で修業と経験を重ねた和の匠が集う、直営レストランを有した食と宿の融合ホテル～4KスマートTV＆高速Wi-Fi6導入,6982,120917.39,469527.85,812-0012,福岡県,福岡市博多区博多駅中央街4-10,092-434-1311,092-471-0124,JR博多駅筑紫口より徒歩1分　地下鉄博多駅『東5』・『東4』番出口より1分(福岡空港からは後方の車両へ),"11台(予約制) 1泊/\1,700(税込) 高さ1.65m迄。規格外・満車時は提携駐車場多数あり。",博多,https://img.travel.rakuten.co.jp/share/HOTEL/9227/9227.jpg,https://img.travel.rakuten.co.jp/HIMG/90/9227.jpg,https://img.travel.rakuten.co.jp/share/HOTEL/9227/9227_si.jpg,https://img.travel.rakuten.co.jp/HIMG/INTERIOR/9227.jpg,https://img.travel.rakuten.co.jp/share/HOTEL/9227/9227map.gif,5219,4.25,"サンルート時代からすると時間が経っていますが、古さを感じさせない清潔なホテルです。1点だけ惜しいのは、デスクの上の大半をテレビが専有して、テレビ裏…　2026-04-10 13:19:47投稿 <a href=""https://img.travel.rakuten.co.jp/image/tr/api/re/gJNfM/?f_hotel_no=9227"" class=""3click"">つづきはこちら</a>",dxs202503,デラックスシングル(ベッド幅130×1台 禁煙14.3平米),5587325,【-ショートstay-】16時イン－9時アウト　素泊まりプラン　博多駅筑紫口より徒歩1分,1,0,0,0,0,1,https://img.travel.rakuten.co.jp/image/tr/api/re/IdsCY/?f_no=9227&f_syu=dxs202503&f_hi1=2026-04-14&f_hi2=2026-04-15&f_heya_su=1&f_otona_su=1&f_s1=0&f_s2=0&f_y1=0&f_y2=0&f_y3=0&f_y4=0&f_camp_id=5587325,0,2026-04-14,19475,19475,0
52910,ＨＯＴＥＬ　ＡＺ　福岡和白店,https://img.travel.rakuten.co.jp/image/tr/api/re/pvonD/?f_no=52910,https://img.travel.rakuten.co.jp/image/tr/api/re/vFumt/?f_no=52910&f_flg=PLAN,https://img.travel.rakuten.co.jp/image/tr/api/re/WzozX/?noTomariHotel=52910,https://img.travel.rakuten.co.jp/image/tr/api/re/gJNfM/?f_hotel_no=52910,ほてるえーぜっと　ふくおかわじろてん,海の中道・福岡市内・相の島へもアクセス抜群！朝食無料☆ビジネス・観光どちらもOK！全506室、440台無料駐車場完備,5170,121277.74,469564.56,811-0213,福岡県,福岡市東区和白丘2-3-1,092-605-3301,092-605-3345,西鉄（貝塚線）和白駅・ＪＲ（香椎線）和白駅より徒歩5分/西鉄バス上和白郵便局前下車徒歩1分,無料駐車場440台あり　普通車：予約不要 、中型車・大型車：要予約（有料）,和白,https://img.travel.rakuten.co.jp/share/HOTEL/52910/52910.jpg,https://img.travel.rakuten.co.jp/HIMG/90/52910.jpg,https://img.travel.rakuten.co.jp/share/HOTEL/52910/52910_si.jpg,https://img.travel.rakuten.co.jp/HIMG/INTERIOR/52910.jpg,https://img.travel.rakuten.co.jp/share/HOTEL/52910/52910map.gif,3449,4.1,"朝食に資さんうどんが選べたので良かった。天神でコンサートがあったので宿泊したが電車を乗り継いで1時間もかかってしまった。値段がやすいいので利用しやすい。コン…　2026-04-09 10:45:42投稿 <a href=""https://img.travel.rakuten.co.jp/image/tr/api/re/gJNfM/?f_hotel_no=52910"" class=""3click"">つづきはこちら</a>",tn01,【禁煙】ツイン,6108711,スタンダードプラン（朝食サービス）,1,0,0,1,0,1,https://img.travel.rakuten.co.jp/image/tr/api/re/IdsCY/?f_no=52910&f_syu=tn01&f_hi1=2026-04-14&f_hi2=2026-04-15&f_heya_su=1&f_otona_su=1&f_s1=0&f_s2=0&f_y1=0&f_y2=0&f_y3=0&f_y4=0&f_camp_id=6108711,0,2026-04-14,8470,8470,0
183275,アパホテル〈博多祇園駅前〉,https://img.travel.rakuten.co.jp/image/tr/api/re/pvonD/?f_no=183275,https://img.travel.rakuten.co.jp/image/tr/api/re/vFumt/?f_no=183275&f_flg=PLAN,https://img.travel.rakuten.co.jp/image/tr/api/re/WzozX/?noTomariHotel=183275,https://img.travel.rakuten.co.jp/image/tr/api/re/gJNfM/?f_hotel_no=183275,あぱほてる　はかたぎおんえきまえ,JR「博多駅」から徒歩6分、福岡空港から乗り換えなしで地下鉄7分、マリンメッセ・PayPayドーム迄のアクセス抜群の立地,4500,120924.12,469501.98,812-0038,福岡県,福岡市博多区祇園町1-1,0570-097-011,092-281-7812,JR「博多駅」から徒歩6分、福岡空港から乗り換えなしで地下鉄7分、地下鉄空港線「祇園駅」下車5番出口から徒歩1分,無し（車椅子使用者専用駐車場有り）,祇園（福岡）,https://img.travel.rakuten.co.jp/share/HOTEL/183275/183275.jpg,https://img.travel.rakuten.co.jp/HIMG/90/183275.jpg,,,https://img.travel.rakuten.co.jp/share/HOTEL/183275/183275map.gif,462,4.17,"クチコミの詳細はこちらから　h…　2026-04-12 14:11:55投稿 <a href=""https://img.travel.rakuten.co.jp/image/tr/api/re/gJNfM/?f_hotel_no=183275"" class=""3click"">つづきはこちら</a>",s1k,スタンダードルーム（1名利用） □ 全室禁煙 □,5322703,【素泊まり・事前決済限定】1秒チェックインにおすすめ！,1,0,0,0,0,2,https://img.travel.rakuten.co.jp/image/tr/api/re/IdsCY/?f_no=183275&f_syu=s1k&f_hi1=2026-04-14&f_hi2=2026-04-15&f_heya_su=1&f_otona_su=1&f_s1=0&f_s2=0&f_y1=0&f_y2=0&f_y3=0&f_y4=0&f_camp_id=5322703,0,2026-04-14,19000,19000,0
1227,ＴＫＰサンライフホテル,https://img.travel.rakuten.co.jp/image/tr/api/re/pvonD/?f_no=1227,https://img.travel.rakuten.co.jp/image/tr/api/re/vFumt/?f_no=1227&f_flg=PLAN,https://img.travel.rakuten.co.jp/image/tr/api/re/WzozX/?noTomariHotel=1227,https://img.travel.rakuten.co.jp/image/tr/api/re/gJNfM/?f_hotel_no=1227,ＴＫＰさんらいふほてる,◆ツインをリニューアルした【スーペリアツイン】の販売を開始いたしました！ぜひこの機会にご宿泊如何ですか。,4750,120912.68,469529.91,812-0013,福岡県,福岡市博多区博多駅東1-12-3,092-473-7112,092-471-5075,JR博多駅筑紫口より徒歩2分。筑紫口（新幹線口）出て目の前！地下鉄「東6番」出口直結。,"提携【里馨パーキング（リカパーキング）】予約・出し入れ不可　24H1,500円税込　高さ等制限有",博多,https://img.travel.rakuten.co.jp/share/HOTEL/1227/1227.jpg,https://img.travel.rakuten.co.jp/HIMG/90/1227.jpg,https://img.travel.rakuten.co.jp/share/HOTEL/1227/1227_sr.jpg,https://img.travel.rakuten.co.jp/HIMG/INTERIOR/1227.jpg,https://img.travel.rakuten.co.jp/share/HOTEL/1227/1227map.gif,4433,3.7,"クチコミの詳細はこちらから　https://revie…　2026-04-09 23:10:52投稿 <a href=""https://img.travel.rakuten.co.jp/image/tr/api/re/gJNfM/?f_hotel_no=1227"" class=""3click"">つづきはこちら</a>",10nx3e,【3号館/禁煙】シングルルーム,5624611,【素泊まり】博多駅新幹線側出口（筑紫口）徒歩2分,1,0,0,0,0,1,https://img.travel.rakuten.co.jp/image/tr/api/re/IdsCY/?f_no=1227&f_syu=10nx3e&f_hi1=2026-04-14&f_hi2=2026-04-15&f_heya_su=1&f_otona_su=1&f_s1=0&f_s2=0&f_y1=0&f_y2=0&f_y3=0&f_y4=0&f_camp_id=5624611,0,2026-04-14,15000,15000,0
167058,静鉄ホテルプレジオ博多駅前,https://img.travel.rakuten.co.jp/image/tr/api/re/pvonD/?f_no=167058,https://img.travel.rakuten.co.jp/image/tr/api/re/vFumt/?f_no=167058&f_flg=PLAN,https://img.travel.rakuten.co.jp/image/tr/api/re/WzozX/?noTomariHotel=167058,https://img.travel.rakuten.co.jp/image/tr/api/re/gJNfM/?f_hotel_no=167058,しずてつほてるぷれじおはかたえきまえ,デラックスルーム新登場◆シングルルーム全室バス・トイレ別◆JR博多駅より徒歩約６分★免震構造★ロビーの無料コーヒーが好評,5695,120895.43,469520.0,812-0011,福岡県,福岡市博多区博多駅前4-17-6,092-451-2800,092-409-7200,JR博多駅、博多口より徒歩約６分,有り１泊1700円  敷地内駐車場7台（先着順）,博多,https://img.travel.rakuten.co.jp/share/HOTEL/167058/167058.jpg,https://img.travel.rakuten.co.jp/HIMG/90/167058.jpg,https://img.travel.rakuten.co.jp/share/HOTEL/167058/167058_kan1.jpg,https://img.travel.rakuten.co.jp/HIMG/INTERIOR/167058.jpg,https://img.travel.rakuten.co.jp/share/HOTEL/167058/167058map.gif,1854,4.33,"博多駅から近く、当日雨が降っていたのですが、近くて良かったです。ただ、線路側の部屋にしたので、電車の音が聞こえて、気になる方は困るかも。部屋はきれいで、朝もタク…　2026-04-11 20:28:03投稿 <a href=""https://img.travel.rakuten.co.jp/image/tr/api/re/gJNfM/?f_hotel_no=167058"" class=""3click"">つづきはこちら</a>",stn4,スーペリアツイン／禁煙／洗い場付のバス／ベッド幅120ｃｍ,4204303,【素泊り】スタンダードプラン♪ 観光やビジネスの拠点に便利な博多駅徒歩6分！,1,0,0,0,0,1,https://img.travel.rakuten.co.jp/image/tr/api/re/IdsCY/?f_no=167058&f_syu=stn4&f_hi1=2026-04-14&f_hi2=2026-04-15&f_heya_su=1&f_otona_su=1&f_s1=0&f_s2=0&f_y1=0&f_y2=0&f_y3=0&f_y4=0&f_camp_id=4204303,0,2026-04-14,27000,27000,0
166968,ワシントンＲ＆Ｂホテル博多駅前第２,https://img.travel.rakuten.co.jp/image/tr/api/re/pvonD/?f_no=166968,https://img.travel.rakuten.co.jp/image/tr/api/re/vFumt/?f_no=166968&f_flg=PLAN,https://img.travel.rakuten.co.jp/image/tr/api/re/WzozX/?noTomariHotel=166968,https://img.travel.rakuten.co.jp/image/tr/api/re/gJNfM/?f_hotel_no=166968,わしんとんあーるあんどびーほてるはかたえきまえだいに,★JR博多駅より徒歩約5分の好立地★清潔で機能的な客室,4900,120898.16,469508.99,812-0011,福岡県,福岡市博多区博多駅前4-3-20,092-482-1919,092-482-1920,ＪＲ　博多駅　博多口から徒歩にて約５分,無し,博多,https://img.travel.rakuten.co.jp/share/HOTEL/166968/166968.jpg,https://img.travel.rakuten.co.jp/HIMG/90/166968.jpg,https://img.travel.rakuten.co.jp/share/HOTEL/166968/166968_kan1.jpg,https://img.travel.rakuten.co.jp/HIMG/INTERIOR/166968.jpg,https://img.travel.rakuten.co.jp/share/HOTEL/166968/166968map.gif,890,3.96,"大きい通りに面…　2026-04-12 20:55:11投稿 <a href=""https://img.travel.rakuten.co.jp/image/tr/api/re/gJNfM/?f_hotel_no=166968"" class=""3click"">つづきはこちら</a>",ns,シングルルーム　禁煙,4196850,【学生限定】学生プラン　学生証をご提示ください（素泊まり）,1,0,0,0,0,1,https://img.travel.rakuten.co.jp/image/tr/api/re/IdsCY/?f_no=166968&f_syu=ns&f_hi1=2026-04-14&f_hi2=2026-04-15&f_heya_su=1&f_otona_su=1&f_s1=0&f_s2=0&f_y1=0&f_y2=0&f_y3=0&f_y4=0&f_camp_id=4196850,0,2026-04-14,15800,15800,0
27861,ホテル　キャビナス福岡,https://img.travel.rakuten.co.jp/image/tr/api/re/pvonD/?f_no=27861,https://img.travel.rakuten.co.jp/image/tr/api/re/vFumt/?f_no=27861&f_flg=PLAN,,https://img.travel.rakuten.co.jp/image/tr/api/re/gJNfM/?f_hotel_no=27861,きゃびなす　ふくおか,福岡県・福岡市条例により2020年4月1日より、お1人様ご1泊当り、宿泊税200円を別途頂きます。,390,120916.31,469513.1,812-0011,福岡県,福岡市博多区博多駅前2-18-1,092-436-8880,092-436-8777,ＪＲ博多駅より徒歩１分,有り　３０台　１０００円（税込／泊）　車両制限あり。詳細はご連絡下さいませ。先着順のご案内、予約不可,博多,https://img.travel.rakuten.co.jp/share/HOTEL/27861/27861.jpg,https://img.travel.rakuten.co.jp/HIMG/90/27861.jpg,https://img.travel.rakuten.co.jp/share/HOTEL/27861/27861_heya.jpg,https://img.travel.rakuten.co.jp/HIMG/INTERIOR/27861.jpg,https://img.travel.rakuten.co.jp/share/HOTEL/27861/27861map.gif,4442,4.13,"クチコミの詳細はこちらから　https://review.travel.rakuten.co.jp/ho…　2026-04-09 13:08:08投稿 <a href=""https://img.travel.rakuten.co.jp/image/tr/api/re/gJNfM/?f_hotel_no=27861"" class=""3click"">つづきはこちら</a>",38,男性専用連結カプセル,6338431,年男2026年午(うま)年限定バースディプラン☆対象のお誕生日当日の方限定☆※男性専用※,1,0,0,0,0,0,https://img.travel.rakuten.co.jp/image/tr/api/re/IdsCY/?f_no=27861&f_syu=38&f_hi1=2026-04-14&f_hi2=2026-04-15&f_heya_su=1&f_otona_su=1&f_s1=0&f_s2=0&f_y1=0&f_y2=0&f_y3=0&f_y4=0&f_camp_id=6338431,0,2026-04-14,390,390,0
182017,アパホテル＆リゾート〈博多駅東〉,https://img.travel.rakuten.co.jp/image/tr/api/re/pvonD/?f_no=182017,https://img.travel.rakuten.co.jp/image/tr/api/re/vFumt/?f_no=182017&f_flg=PLAN,https://img.travel.rakuten.co.jp/image/tr/api/re/WzozX/?noTomariHotel=182017,https://img.travel.rakuten.co.jp/image/tr/api/re/gJNfM/?f_hotel_no=182017,あぱほてるあんどりぞーと　はかたえきひがし,博多駅を出て筑紫口中央通りからアクセスできる都市型リゾート。屋上に大浴殿とプールを備える,5000,120913.96,469537.43,812-0013,福岡県,福岡市博多区博多駅東1-18-1,0570-009-011,092-477-9012,福岡市営地下鉄空港線「博多駅」東7番出口から徒歩2分／JR各線「博多駅」筑紫口から徒歩4分,"11台有、1,500円 / 1泊（15：00～翌11：00）※連泊の場合24時間　※予約不可先着順",博多,https://img.travel.rakuten.co.jp/share/HOTEL/182017/182017.jpg,https://img.travel.rakuten.co.jp/HIMG/90/182017.jpg,,,https://img.travel.rakuten.co.jp/share/HOTEL/182017/182017map.gif,735,4.02,"同じアパホテルでも,温泉施設のあるものを選びました。利用客が多かったのですが,混雑状況をお知らせで確認できたので,なんとか入れました。部屋は少し狭く感じましたが…　2026-04-12 14:34:10投稿 <a href=""https://img.travel.rakuten.co.jp/image/tr/api/re/gJNfM/?f_hotel_no=182017"" class=""3click"">つづきはこちら</a>",s1,スタンダードルーム　1名利用□全室禁煙□,5202221,【素泊まり・事前決済限定】1秒チェックインにおすすめ！,1,0,0,0,0,2,https://img.travel.rakuten.co.jp/image/tr/api/re/IdsCY/?f_no=182017&f_syu=s1&f_hi1=2026-04-14&f_hi2=2026-04-15&f_heya_su=1&f_otona_su=1&f_s1=0&f_s2=0&f_y1=0&f_y2=0&f_y3=0&f_y4=0&f_camp_id=5202221,0,2026-04-14,19080,19080,0
70283,ｔｈｅ　ｂ　博多（ザビー　はかた）,https://img.travel.rakuten.co.jp/image/tr/api/re/pvonD/?f_no=70283,https://img.travel.rakuten.co.jp/image/tr/api/re/vFumt/?f_no=70283&f_flg=PLAN,https://img.travel.rakuten.co.jp/image/tr/api/re/WzozX/?noTomariHotel=70283,https://img.travel.rakuten.co.jp/image/tr/api/re/gJNfM/?f_hotel_no=70283,ざびーはかた, ドーナツなどの軽食「トッテッテ」＆コーヒー無料☆朝食は地元の食材を使った和洋ブッフェをご用意！,4400,120901.23,469531.47,812-0016,福岡県,福岡市博多区博多駅南1-3-9,092-415-3333,092-483-1555,JR「博多駅」筑紫口・地下鉄「博多駅」東5出口より徒歩4分。福岡空港より地下鉄博多駅まで約5分,"駐車場3台有 完全予約制 1泊1,500円。電話予約のみ承ります。必ず事前にお電話ください。",博多,https://img.travel.rakuten.co.jp/share/HOTEL/70283/70283.jpg,https://img.travel.rakuten.co.jp/HIMG/90/70283.jpg,https://img.travel.rakuten.co.jp/share/HOTEL/70283/70283_si.jpg,https://img.travel.rakuten.co.jp/HIMG/INTERIOR/70283.jpg,https://img.travel.rakuten.co.jp/share/HOTEL/70283/70283map.gif,2582,3.95,"クチコミの詳細はこちら…　2026-04-02 20:40:11投稿 <a href=""https://img.travel.rakuten.co.jp/image/tr/api/re/gJNfM/?f_hotel_no=70283"" class=""3click"">つづきはこちら</a>",roh,お部屋タイプおまかせ【禁煙】,4509936,【直前割】【素泊まり】【禁煙ルーム】急なおでかけをサポート！お部屋おまかせ◇博多駅から約４分の好立地,1,0,0,0,0,1,https://img.travel.rakuten.co.jp/image/tr/api/re/IdsCY/?f_no=70283&f_syu=roh&f_hi1=2026-04-14&f_hi2=2026-04-15&f_heya_su=1&f_otona_su=1&f_s1=0&f_s2=0&f_y1=0&f_y2=0&f_y3=0&f_y4=0&f_camp_id=4509936,0,2026-04-14,14400,14400,0
130158,天然温泉　袖湊の湯　ドーミーインＰＲＥＭＩＵＭ博多・キャナルシティ前（ドーミーイン・野乃　グループ）,https://img.travel.rakuten.co.jp/image/tr/api/re/pvonD/?f_no=130158,https://img.travel.rakuten.co.jp/image/tr/api/re/vFumt/?f_no=130158&f_flg=PLAN,https://img.travel.rakuten.co.jp/image/tr/api/re/WzozX/?noTomariHotel=130158,https://img.travel.rakuten.co.jp/image/tr/api/re/gJNfM/?f_hotel_no=130158,てんねんおんせん　そでみなとのゆ　どーみーいんぷれみあむはかた・きゃなるしてぃまえ,★全室スマートテレビ導入★キャナルシティ近く、櫛田神社駅目の前の好立地！自慢の大浴場＆サウナで免疫力を高めよう！,8000,120914.42,469492.64,812-0038,福岡県,福岡市博多区祇園町9-1,092-272-5489,092-282-6670,■ＪＲ博多駅博多口より徒歩10分　■地下鉄櫛田神社前駅7番出口より徒歩1分,先着順・1泊2000円・高さ2ｍ 車幅：1.85ｍ ※サイズ内でも形状により入庫不可の場合有,中洲川端,https://img.travel.rakuten.co.jp/share/HOTEL/130158/130158.jpg,https://img.travel.rakuten.co.jp/HIMG/90/130158.jpg,https://img.travel.rakuten.co.jp/share/HOTEL/130158/130158_bth.jpg,https://img.travel.rakuten.co.jp/HIMG/INTERIOR/130158.jpg,https://img.travel.rakuten.co.jp/share/HOTEL/130158/130158map.gif,1588,4.44,"クチコミの詳細はこちらから　https://review.travel.rakuten.co…　2026-03-30 18:45:50投稿 <a href=""https://img.travel.rakuten.co.jp/image/tr/api/re/gJNfM/?f_hotel_no=130158"" class=""3click"">つづきはこちら</a>",mystery,【禁煙】◇おまかせ部屋◇ 部屋指定不可,2299780,【1名～2名限定】★お部屋タイプおまかせプラン★,1,0,0,0,0,1,https://img.travel.rakuten.co.jp/image/tr/api/re/IdsCY/?f_no=130158&f_syu=mystery&f_hi1=2026-04-14&f_hi2=2026-04-15&f_heya_su=1&f_otona_su=1&f_s1=0&f_s2=0&f_y1=0&f_y2=0&f_y3=0&f_y4=0&f_camp_id=2299780,0,2026-04-14,21500,21500,0
181186,ナインアワーズ博多駅,https://img.travel.rakuten.co.jp/image/tr/api/re/pvonD/?f_no=181186,https://img.travel.rakuten.co.jp/image/tr/api/re/vFumt/?f_no=181186&f_flg=PLAN,,https://img.travel.rakuten.co.jp/image/tr/api/re/gJNfM/?f_hotel_no=181186,ないんあわーずはかたえき,博多駅至近にてアクセス良好。展望ラウンジや高速WiFiなどビジネスや観光の拠点としても便利、荷物預かり可能,3841,120908.45,469508.37,812-0011,福岡県,福岡市博多区博多駅前3-22-2,050-1807-3481,092-292-4495,ＪＲ　博多駅より徒歩にて約３分,無し,博多,https://img.travel.rakuten.co.jp/share/HOTEL/181186/181186.jpg,https://img.travel.rakuten.co.jp/HIMG/90/181186.jpg,,,https://img.travel.rakuten.co.jp/share/HOTEL/181186/181186map.gif,343,3.54,"クチコミの詳細はこちらから　https://review.travel.rakuten.co.jp/hotel/voice/181186?reviewId=3312347734434…　2026-04-09 18:13:03投稿 <a href=""https://img.travel.rakuten.co.jp/image/tr/api/re/gJNfM/?f_hotel_no=181186"" class=""3click"">つづきはこちら</a>",f02,【女性限定フロア】スリーピングポッド 禁煙（割引）,5916509,返金不可・オンライン決済プラン,1,0,0,0,0,2,https://img.travel.rakuten.co.jp/image/tr/api/re/IdsCY/?f_no=181186&f_syu=f02&f_hi1=2026-04-14&f_hi2=2026-04-15&f_heya_su=1&f_otona_su=1&f_s1=0&f_s2=0&f_y1=0&f_y2=0&f_y3=0&f_y4=0&f_camp_id=5916509,0,2026-04-14,5893,5893,1
18653,ホテルサードプレイス博多,https://img.travel.rakuten.co.jp/image/tr/api/re/pvonD/?f_no=18653,https://img.travel.rakuten.co.jp/image/tr/api/re/vFumt/?f_no=18653&f_flg=PLAN,https://img.travel.rakuten.co.jp/image/tr/api/re/WzozX/?noTomariHotel=18653,https://img.travel.rakuten.co.jp/image/tr/api/re/gJNfM/?f_hotel_no=18653,ほてるさーどぷれいすはかた,2023年4月リブランド＆別館オープン！！2023年夏 本館客室リニューアルオープン！,3325,120931.84,469523.01,812-0043,福岡県,福岡市博多区堅粕2-2-2,092-642-4563,092-642-4628,博多駅博多口から徒歩約７分,なし,博多,https://img.travel.rakuten.co.jp/share/HOTEL/18653/18653.jpg,https://img.travel.rakuten.co.jp/HIMG/90/18653.jpg,https://img.travel.rakuten.co.jp/share/HOTEL/18653/18653_r1.jpg,https://img.travel.rakuten.co.jp/HIMG/INTERIOR/18653.jpg,https://img.travel.rakuten.co.jp/share/HOTEL/18653/18653map.gif,4645,3.86,"クチコミの詳細はこちらから　https://review.travel…　2026-04-09 17:43:08投稿 <a href=""https://img.travel.rakuten.co.jp/image/tr/api/re/gJNfM/?f_hotel_no=18653"" class=""3click"">つづきはこちら</a>",tns,アネックス ツイン1名利用【禁煙】,5566974,【ベーシック／素泊り】スタイリッシュ＆快適◎コンパクトルーム,1,0,0,0,0,1,https://img.travel.rakuten.co.jp/image/tr/api/re/IdsCY/?f_no=18653&f_syu=tns&f_hi1=2026-04-14&f_hi2=2026-04-15&f_heya_su=1&f_otona_su=1&f_s1=0&f_s2=0&f_y1=0&f_y2=0&f_y3=0&f_y4=0&f_camp_id=5566974,0,2026-04-14,16700,16700,0
76358,ホテル博多プレイス,https://img.travel.rakuten.co.jp/image/tr/api/re/pvonD/?f_no=76358,https://img.travel.rakuten.co.jp/image/tr/api/re/vFumt/?f_no=76358&f_flg=PLAN,https://img.travel.rakuten.co.jp/image/tr/api/re/WzozX/?noTomariHotel=76358,https://img.travel.rakuten.co.jp/image/tr/api/re/gJNfM/?f_hotel_no=76358,ほてるはかたぷれいす,■博多の『我が家』で過ごすひととき。全室バストイレ独立、一部ミニキッチン付の広々客室（25㎡）,3250,120954.35,469454.09,812-0021,福岡県,福岡市博多区築港本町3-16,092-404-7770,092-404-7774,■博多駅よりバス15分■天神、中洲川端駅より徒歩17分■福岡空港よりタクシー15分■ベイサイドプレイス博多まで徒歩5分,1泊1200円。ご予約制の為事前にご連絡をお願い致します。駐車前にフロントにお立寄りください。,呉服町（福岡）,https://img.travel.rakuten.co.jp/share/HOTEL/76358/76358.jpg,https://img.travel.rakuten.co.jp/HIMG/90/76358.jpg,https://img.travel.rakuten.co.jp/share/HOTEL/76358/76358_kya.jpg,https://img.travel.rakuten.co.jp/HIMG/INTERIOR/76358.jpg,https://img.travel.rakuten.co.jp/share/HOTEL/76358/76358map.gif,1680,4.26,"お部屋は綺麗だし、リファルームだったのでお試し使用できて良かっ…　2026-04-07 17:29:34投稿 <a href=""https://img.travel.rakuten.co.jp/image/tr/api/re/gJNfM/?f_hotel_no=76358"" class=""3click"">つづきはこちら</a>",sn1,【禁煙】シングルルーム25平米：1名利用,2351309,【Simple Stay】■全室25㎡素泊まりプラン　くつろぎ博多のマイルームへ,1,0,0,0,0,1,https://img.travel.rakuten.co.jp/image/tr/api/re/IdsCY/?f_no=76358&f_syu=sn1&f_hi1=2026-04-14&f_hi2=2026-04-15&f_heya_su=1&f_otona_su=1&f_s1=0&f_s2=0&f_y1=0&f_y2=0&f_y3=0&f_y4=0&f_camp_id=2351309,0,2026-04-14,14000,14000,0
172310,都ホテル博多,https://img.travel.rakuten.co.jp/image/tr/api/re/pvonD/?f_no=172310,https://img.travel.rakuten.co.jp/image/tr/api/re/vFumt/?f_no=172310&f_flg=PLAN,https://img.travel.rakuten.co.jp/image/tr/api/re/WzozX/?noTomariHotel=172310,https://img.travel.rakuten.co.jp/image/tr/api/re/gJNfM/?f_hotel_no=172310,みやこほてるはかた,さあ、都心のリゾートへ！ここは、いつでも夏休み。★屋上には天然温泉スパ＆レストラン★心地良いという新しいラグジュアリー,16400,120911.58,469529.98,812-0013,福岡県,福岡市博多区博多駅東2-1-1,092-441-3111,092-441-3122,博多駅直結！徒歩約１分。＜東７番出口＞福岡空港から地下鉄で約７分、車で約15分。一歩足を踏み入れたらもうそこはリゾート！,"1泊 2,000円　先着順36台 屋内機械式（長5.3m 幅1.96m 高2m)／提携有り：20m先",博多,https://img.travel.rakuten.co.jp/share/HOTEL/172310/172310.jpg,https://img.travel.rakuten.co.jp/HIMG/90/172310.jpg,https://img.travel.rakuten.co.jp/share/HOTEL/172310/172310_kan1.jpg,https://img.travel.rakuten.co.jp/HIMG/INTERIOR/172310.jpg,https://img.travel.rakuten.co.jp/share/HOTEL/172310/172310map.gif,968,4.58,"チェックインから23時まで温泉が混んでいて洗い場に行列する状…　2026-04-12 13:38:56投稿 <a href=""https://img.travel.rakuten.co.jp/image/tr/api/re/gJNfM/?f_hotel_no=172310"" class=""3click"">つづきはこちら</a>",lxd1kb,ラグジュアリーキングダブル＜禁煙＞,4417577,【素泊り】温泉スパ利用無料・ベーシックステイプラン,1,0,0,0,0,1,https://img.travel.rakuten.co.jp/image/tr/api/re/IdsCY/?f_no=172310&f_syu=lxd1kb&f_hi1=2026-04-14&f_hi2=2026-04-15&f_heya_su=1&f_otona_su=1&f_s1=0&f_s2=0&f_y1=0&f_y2=0&f_y3=0&f_y4=0&f_camp_id=4417577,0,2026-04-14,68410,68410,0
11007,サウナ・カプセル　ウェルビー福岡,https://img.travel.rakuten.co.jp/image/tr/api/re/pvonD/?f_no=11007,https://img.travel.rakuten.co.jp/image/tr/api/re/vFumt/?f_no=11007&f_flg=PLAN,,https://img.travel.rakuten.co.jp/image/tr/api/re/gJNfM/?f_hotel_no=11007,さうな・かぷせる　うぇるびーふくおか,2024年11月に改装リニューアル！！サウナ、湯舟入り放題♪　館内無料Wi-Fi対応！アメニティ、朝食も無料です♪,5300,120917.52,469487.66,812-0038,福岡県,福岡市博多区祇園町8-12ロータリー大和2F,092-291-1009,092-291-1156,地下鉄「櫛田神社前駅」より徒歩30秒 / 「博多駅」博多口より徒歩10分,「シーサーパーキング」…400円分サービス。,博多,https://img.travel.rakuten.co.jp/share/HOTEL/11007/11007.jpg,https://img.travel.rakuten.co.jp/HIMG/90/11007.jpg,https://img.travel.rakuten.co.jp/share/HOTEL/11007/11007_heya.jpg,https://img.travel.rakuten.co.jp/HIMG/INTERIOR/11007.jpg,https://img.travel.rakuten.co.jp/share/HOTEL/11007/11007map.gif,2033,4.15,"クチコミの詳細はこちらから　https://review.travel.rakuten.co.jp/hotel/voice/11007?reviewId=33123…　2026-04-12 17:35:48投稿 <a href=""https://img.travel.rakuten.co.jp/image/tr/api/re/gJNfM/?f_hotel_no=11007"" class=""3click"">つづきはこちら</a>",zcp,【カプセルルーム・上段】（男性専用）,2251496,SAUNAでととのうカプセルプラン【男性専用】,1,0,0,1,0,1,https://img.travel.rakuten.co.jp/image/tr/api/re/IdsCY/?f_no=11007&f_syu=zcp&f_hi1=2026-04-14&f_hi2=2026-04-15&f_heya_su=1&f_otona_su=1&f_s1=0&f_s2=0&f_y1=0&f_y2=0&f_y3=0&f_y4=0&f_camp_id=2251496,0,2026-04-14,5300,5300,1
5012,天然温泉　八百治の湯　八百治博多ホテル,https://img.travel.rakuten.co.jp/image/tr/api/re/pvonD/?f_no=5012,https://img.travel.rakuten.co.jp/image/tr/api/re/vFumt/?f_no=5012&f_flg=PLAN,https://img.travel.rakuten.co.jp/image/tr/api/re/WzozX/?noTomariHotel=5012,https://img.travel.rakuten.co.jp/image/tr/api/re/gJNfM/?f_hotel_no=5012,てんねんおんせん　やおじのゆ　やおじはかたほてる,博多駅徒歩5分♪　★2019年7月天然温泉大浴場リニューアル★Wi-Fi無料＆加湿機能付空気清浄機完備♪,6450,120897.28,469511.51,812-0011,福岡県,福岡市博多区博多駅前4-9-2,092-483-5111,092-483-5123,博多駅博多口より徒歩５分（福岡空港から博多駅まで地下鉄で５分。）,"契約駐車場　1,500円（税込）/14時～翌日14時",博多,https://img.travel.rakuten.co.jp/share/HOTEL/5012/5012.jpg,https://img.travel.rakuten.co.jp/HIMG/90/5012.jpg,https://img.travel.rakuten.co.jp/share/HOTEL/5012/5012_sgl.jpg,https://img.travel.rakuten.co.jp/HIMG/INTERIOR/5012.jpg,https://img.travel.rakuten.co.jp/share/HOTEL/5012/5012map.gif,4426,4.17,"温泉に行くたびにタオルをいただ…　2026-04-05 21:33:17投稿 <a href=""https://img.travel.rakuten.co.jp/image/tr/api/re/gJNfM/?f_hotel_no=5012"" class=""3click"">つづきはこちら</a>",asns,シングル○禁煙ベッド幅１２０cm（１ベッド）,4432977,【特定日限定】☆特割プラン☆,1,0,0,0,0,1,https://img.travel.rakuten.co.jp/image/tr/api/re/IdsCY/?f_no=5012&f_syu=asns&f_hi1=2026-04-14&f_hi2=2026-04-15&f_heya_su=1&f_otona_su=1&f_s1=0&f_s2=0&f_y1=0&f_y2=0&f_y3=0&f_y4=0&f_camp_id=4432977,0,2026-04-14,15900,15900,0
166975,東急ステイ博多,https://img.travel.rakuten.co.jp/image/tr/api/re/pvonD/?f_no=166975,https://img.travel.rakuten.co.jp/image/tr/api/re/vFumt/?f_no=166975&f_flg=PLAN,https://img.travel.rakuten.co.jp/image/tr/api/re/WzozX/?noTomariHotel=166975,https://img.travel.rakuten.co.jp/image/tr/api/re/gJNfM/?f_hotel_no=166975,とうきゅうすていはかた,全室に洗濯乾燥機・電子レンジ完備！連泊・中長期の滞在に便利♪♪,4900,120895.8,469524.24,812-0016,福岡県,福岡市博多区博多駅南1-11-11,092-431-1091,092-431-1092,福岡市地下鉄空港線博多駅　東5番出口より徒歩7分　/　JR博多駅　筑紫口より徒歩8分,無し。近隣のコインパーキングをご利用ください（提携駐車場はございません）。,博多,https://img.travel.rakuten.co.jp/share/HOTEL/166975/166975.jpg,https://img.travel.rakuten.co.jp/HIMG/90/166975.jpg,,,https://img.travel.rakuten.co.jp/share/HOTEL/166975/166975map.gif,975,4.38,"クチコミの詳細はこちらから　https://review.travel.rakuten.co.jp/hotel/voice/166975…　2026-03-26 09:23:19投稿 <a href=""https://img.travel.rakuten.co.jp/image/tr/api/re/gJNfM/?f_hotel_no=166975"" class=""3click"">つづきはこちら</a>",residen_tw,レジデンシャルツイン【禁煙】24平米／洗濯機・ミニキッチン付,5415022,【スタンダードプラン】ビジネス＆観光の拠点に！洗濯乾燥機＆電子レンジ完備【1名】（素泊）,1,0,0,0,0,1,https://img.travel.rakuten.co.jp/image/tr/api/re/IdsCY/?f_no=166975&f_syu=residen_tw&f_hi1=2026-04-14&f_hi2=2026-04-15&f_heya_su=1&f_otona_su=1&f_s1=0&f_s2=0&f_y1=0&f_y2=0&f_y3=0&f_y4=0&f_camp_id=5415022,0,2026-04-14,36030,36030,0
184617,Ｇｒａｎｄ　Ｅｍｐｉｒｅ　Ｈｏｔｅｌ（グランドエンパイアホテル）,https://img.travel.rakuten.co.jp/image/tr/api/re/pvonD/?f_no=184617,https://img.travel.rakuten.co.jp/image/tr/api/re/vFumt/?f_no=184617&f_flg=PLAN,https://img.travel.rakuten.co.jp/image/tr/api/re/WzozX/?noTomariHotel=184617,https://img.travel.rakuten.co.jp/image/tr/api/re/gJNfM/?f_hotel_no=184617,ぐらんどえんぱいあほてる,【駐車場無料】【全室43㎡以上】【全室禁煙】上質さにこだわった空間でごゆっくりお寛ぎください。,12760,120631.04,469738.41,816-0956,福岡県,大野城市南大利2-1-23,092-596-6363,092-596-7964,JR大野城駅よりお車で５分／西鉄下大利駅よりお車で５分／太宰府I.Cよりお車で約１０分／キッザニア福岡までお車で約２５分,有り　90台　無料　★２４時間入出庫可★　※満車の場合は臨時駐車場へご案内いたします,大野城,https://img.travel.rakuten.co.jp/share/HOTEL/184617/184617.jpg,https://img.travel.rakuten.co.jp/HIMG/90/184617.jpg,,,https://img.travel.rakuten.co.jp/share/HOTEL/184617/184617map.gif,357,4.68,"接客のレベルが高く、通路や部屋も広々としていてとても良かった。泊まった日から「お休みプリン」という寝る前のデザートでプリンの無料配布もあり、子どもも楽しんでくれ…　2026-04-09 20:52:46投稿 <a href=""https://img.travel.rakuten.co.jp/image/tr/api/re/gJNfM/?f_hotel_no=184617"" class=""3click"">つづきはこちら</a>",geh181023,エンパイアツイン,6390422,【平日＆室数限定！】【事前決済】スタンダードプラン（素泊まり）,1,0,0,0,0,2,https://img.travel.rakuten.co.jp/image/tr/api/re/IdsCY/?f_no=184617&f_syu=geh181023&f_hi1=2026-04-14&f_hi2=2026-04-15&f_heya_su=1&f_otona_su=1&f_s1=0&f_s2=0&f_y1=0&f_y2=0&f_y3=0&f_y4=0&f_camp_id=6390422,0,2026-04-14,14000,14000,0
183058,アパホテル〈博多駅前３丁目〉,https://img.travel.rakuten.co.jp/image/tr/api/re/pvonD/?f_no=183058,https://img.travel.rakuten.co.jp/image/tr/api/re/vFumt/?f_no=183058&f_flg=PLAN,https://img.travel.rakuten.co.jp/image/tr/api/re/WzozX/?noTomariHotel=183058,https://img.travel.rakuten.co.jp/image/tr/api/re/gJNfM/?f_hotel_no=183058,あぱほてる　はかたえきまえさんちょうめ,キャナルシティや楽水園近くのホテル！アクセス良く観光に最適！,4500,120901.31,469501.6,812-0011,福岡県,福岡市博多区博多駅前3-11-6,0570-098-211,092-433-0812,博多口から徒歩８分！地下鉄七隈線「櫛田神社前駅」から徒歩６分！駅前四丁目バス停から徒歩４分！,3台　※先着案内。予約不可。,博多,https://img.travel.rakuten.co.jp/share/HOTEL/183058/183058.jpg,https://img.travel.rakuten.co.jp/HIMG/90/183058.jpg,,,https://img.travel.rakuten.co.jp/share/HOTEL/183058/183058map.gif,298,4.02,"廊下が、吹き抜けで、外気と…　2026-04-11 07:59:15投稿 <a href=""https://img.travel.rakuten.co.jp/image/tr/api/re/gJNfM/?f_hotel_no=183058"" class=""3click"">つづきはこちら</a>",s1k,スタンダードルーム(1名利用) □ 全室禁煙 □,5223633,【素泊まり・事前決済限定】1秒チェックインプラン,1,0,0,0,0,2,https://img.travel.rakuten.co.jp/image/tr/api/re/IdsCY/?f_no=183058&f_syu=s1k&f_hi1=2026-04-14&f_hi2=2026-04-15&f_heya_su=1&f_otona_su=1&f_s1=0&f_s2=0&f_y1=0&f_y2=0&f_y3=0&f_y4=0&f_camp_id=5223633,0,2026-04-14,19000,19000,0
29211,コンフォートホテル博多,https://img.travel.rakuten.co.jp/image/tr/api/re/pvonD/?f_no=29211,https://img.travel.rakuten.co.jp/image/tr/api/re/vFumt/?f_no=29211&f_flg=PLAN,https://img.travel.rakuten.co.jp/image/tr/api/re/WzozX/?noTomariHotel=29211,https://img.travel.rakuten.co.jp/image/tr/api/re/gJNfM/?f_hotel_no=29211,こんふぉーとほてる　はかた,日替わりスムージーが人気★無料朝食サービスがイチオシのコスパ最強ホテル◆博多駅西8出口徒歩1分◆小学6年生まで添い寝無料,5100,120915.44,469513.14,812-0011,福岡県,福岡市博多区博多駅前2-1-1,092-431-1211,092-431-8015,新幹線・JR在来線・地下鉄博多駅 博多口から徒歩１分◆福岡空港から地下鉄で約６分◆天神から地下鉄で約１５分◆,"提携駐車場2,000円/泊（入庫から17時間）※高さ制限2.1ｍ◆フロントにて清算、駐車券必要",博多,https://img.travel.rakuten.co.jp/share/HOTEL/29211/29211.jpg,https://img.travel.rakuten.co.jp/HIMG/90/29211.jpg,https://img.travel.rakuten.co.jp/share/HOTEL/29211/29211_s.jpg,https://img.travel.rakuten.co.jp/HIMG/INTERIOR/29211.jpg,https://img.travel.rakuten.co.jp/share/HOTEL/29211/29211map.gif,9473,3.54,"チェックイン前に荷物を預けて、身軽…　2026-04-04 18:21:47投稿 <a href=""https://img.travel.rakuten.co.jp/image/tr/api/re/gJNfM/?f_hotel_no=29211"" class=""3click"">つづきはこちら</a>",nts,２ベッド◆ツインスタンダード◆ ＜禁煙＞,4591629,※【 変動料金 】 Flexible rate◆朝食無料サービス◆,1,0,0,1,0,1,https://img.travel.rakuten.co.jp/image/tr/api/re/IdsCY/?f_no=29211&f_syu=nts&f_hi1=2026-04-14&f_hi2=2026-04-15&f_heya_su=1&f_otona_su=1&f_s1=0&f_s2=0&f_y1=0&f_y2=0&f_y3=0&f_y4=0&f_camp_id=4591629,0,2026-04-14,25000,25000,0
345,ＡＮＡクラウンプラザホテル福岡　ｂｙ　ＩＨＧ,https://img.travel.rakuten.co.jp/image/tr/api/re/pvonD/?f_no=345,https://img.travel.rakuten.co.jp/image/tr/api/re/vFumt/?f_no=345&f_flg=PLAN,https://img.travel.rakuten.co.jp/image/tr/api/re/WzozX/?noTomariHotel=345,https://img.travel.rakuten.co.jp/image/tr/api/re/gJNfM/?f_hotel_no=345,えーえぬえー　クラウンプラザホテルフクオカ,福岡でのビジネス、観光の拠点として、安心で快適なラグジュアリー空間をご提供し、博多のコトを最もよく知るホテルのひとつです,9585,120902.68,469512.25,812-0011,福岡県,福岡市博多区博多駅前3-3-3,092-471-7111,092-471-1109,■ＪＲ博多駅【博多口】より徒歩約5分　■福岡空港国内線ターミナルより車で約15分,"地下に屋内駐車場あり（98台）　1泊1,600円（高さ制限2M・先着順・ 24時間入出庫可）",博多,https://img.travel.rakuten.co.jp/share/HOTEL/345/345.jpg,https://img.travel.rakuten.co.jp/HIMG/90/345.jpg,https://img.travel.rakuten.co.jp/share/HOTEL/345/345_room.jpg,https://img.travel.rakuten.co.jp/HIMG/INTERIOR/345.jpg,https://img.travel.rakuten.co.jp/share/HOTEL/345/345map.gif,2357,4.37,"クチコミの詳細はこちらから　https://review.travel.rak…　2026-04-08 17:49:49投稿 <a href=""https://img.travel.rakuten.co.jp/image/tr/api/re/gJNfM/?f_hotel_no=345"" class=""3click"">つづきはこちら</a>",osin,スタンダードシングルルーム【禁煙】15平米,976530,◆Daily Price◆日にち変動型の基本プラン　～素泊まり～　JR博多駅博多口より徒歩約5分,1,0,0,0,0,1,https://img.travel.rakuten.co.jp/image/tr/api/re/IdsCY/?f_no=345&f_syu=osin&f_hi1=2026-04-14&f_hi2=2026-04-15&f_heya_su=1&f_otona_su=1&f_s1=0&f_s2=0&f_y1=0&f_y2=0&f_y3=0&f_y4=0&f_camp_id=976530,0,2026-04-14,33600,33600,0
75246,太宰府天然温泉ルートイングランティア太宰府,https://img.travel.rakuten.co.jp/image/tr/api/re/pvonD/?f_no=75246,https://img.travel.rakuten.co.jp/image/tr/api/re/vFumt/?f_no=75246&f_flg=PLAN,https://img.travel.rakuten.co.jp/image/tr/api/re/WzozX/?noTomariHotel=75246,https://img.travel.rakuten.co.jp/image/tr/api/re/gJNfM/?f_hotel_no=75246,だざいふてんねんおんせん　るーといん　ぐらんてぃあ　だざいふ,太宰府天満宮近く！和室あり、温泉あり、岩盤浴あり、漫画コーナーも！料理長こだわりの夕食も！大型駐車場もあり！,6600,120676.98,469904.91,818-0119,福岡県,太宰府市連歌屋3-8-1,050-5576-7903,092-921-4800,西鉄太宰府駅から車で約3分◆福岡空港から車で約30分◆JR二日市駅より車で約12分◆西鉄太宰府駅から無料シャトルバス運行,有り　113台　無料　※立体駐車場34台（ハイルーフ10台）　予約不要,太宰府,https://img.travel.rakuten.co.jp/share/HOTEL/75246/75246.jpg,https://img.travel.rakuten.co.jp/HIMG/90/75246.jpg,,,https://img.travel.rakuten.co.jp/share/HOTEL/75246/75246map.gif,1043,3.87,"クチコミの詳細はこちらから　https://review.travel.rakuten.co.…　2026-04-04 19:32:21投稿 <a href=""https://img.travel.rakuten.co.jp/image/tr/api/re/gJNfM/?f_hotel_no=75246"" class=""3click"">つづきはこちら</a>",nsa,[新館]禁煙シングル☆（BD140×196cm）,6310777,【お土産に！】ルートインホテルズオリジナル『上田カリー』セット付プラン【バイキング朝食付】,1,0,0,0,0,1,https://img.travel.rakuten.co.jp/image/tr/api/re/IdsCY/?f_no=75246&f_syu=nsa&f_hi1=2026-04-14&f_hi2=2026-04-15&f_heya_su=1&f_otona_su=1&f_s1=0&f_s2=0&f_y1=0&f_y2=0&f_y3=0&f_y4=0&f_camp_id=6310777,0,2026-04-14,11700,11700,0
172316,三井ガーデンホテル福岡祇園,https://img.travel.rakuten.co.jp/image/tr/api/re/pvonD/?f_no=172316,https://img.travel.rakuten.co.jp/image/tr/api/re/vFumt/?f_no=172316&f_flg=PLAN,https://img.travel.rakuten.co.jp/image/tr/api/re/WzozX/?noTomariHotel=172316,https://img.travel.rakuten.co.jp/image/tr/api/re/gJNfM/?f_hotel_no=172316,みついがーでんほてるふくおかぎおん,博多に育まれた文化が香る、上質な設え。非日常へといざなう最上階大浴場の露天風呂でおくつろぎください。,12862,120914.67,469497.32,812-0011,福岡県,福岡市博多区博多駅前2-8-15,092-414-3131,092-414-3101,ＪＲ　博多駅　博多口より徒歩にて約７分,有り　２８台　２，０００円（税込み／泊）　先着順 　車両制限あり。詳細は公式HPをご覧ください。,博多,https://img.travel.rakuten.co.jp/share/HOTEL/172316/172316.jpg,https://img.travel.rakuten.co.jp/HIMG/90/172316.jpg,,,https://img.travel.rakuten.co.jp/share/HOTEL/172316/172316map.gif,673,4.53,"クチコミの詳細はこちらから　https://review.travel.rakuten.co.jp/hotel…　2026-04-02 10:12:01投稿 <a href=""https://img.travel.rakuten.co.jp/image/tr/api/re/gJNfM/?f_hotel_no=172316"" class=""3click"">つづきはこちら</a>",stdd2,スタンダードダブル　【禁煙】,6066250,【博多駅から7分♪ 露天風呂付大浴場で癒しのひとときを】ベーシックプラン  ＜素泊り＞ ,1,0,0,0,0,1,https://img.travel.rakuten.co.jp/image/tr/api/re/IdsCY/?f_no=172316&f_syu=stdd2&f_hi1=2026-04-14&f_hi2=2026-04-15&f_heya_su=1&f_otona_su=1&f_s1=0&f_s2=0&f_y1=0&f_y2=0&f_y3=0&f_y4=0&f_camp_id=6066250,0,2026-04-14,28455,28455,0
