basic_hotelNo,basic_hotelName,basic_hotelInformationUrl,basic_planListUrl,basic_dpPlanListUrl,basic_reviewUrl,basic_hotelKanaName,basic_hotelSpecial,basic_hotelMinCharge,basic_latitude,basic_longitude,basic_postalCode,basic_address1,basic_address2,basic_telephoneNo,basic_faxNo,basic_access,basic_parkingInformation,basic_nearestStation,basic_hotelImageUrl,basic_hotelThumbnailUrl,basic_roomImageUrl,basic_roomThumbnailUrl,basic_hotelMapImageUrl,basic_reviewCount,basic_reviewAverage,basic_userReview,room_roomClass,room_roomName,room_planId,room_planName,room_pointRate,room_withDinnerFlag,room_dinnerSelectFlag,room_withBreakfastFlag,room_breakfastSelectFlag,room_payment,room_reserveUrl,room_salesformFlag,charge_stayDate,charge_rakutenCharge,charge_total,charge_chargeFlag,date,area
172605,ＡＢホテル行橋,https://img.travel.rakuten.co.jp/image/tr/api/re/pvonD/?f_no=172605,https://img.travel.rakuten.co.jp/image/tr/api/re/vFumt/?f_no=172605&f_flg=PLAN,https://img.travel.rakuten.co.jp/image/tr/api/re/WzozX/?noTomariHotel=172605,https://img.travel.rakuten.co.jp/image/tr/api/re/gJNfM/?f_hotel_no=172605,えーびーほてるゆくはし,行橋駅より徒歩１分、北九州空港より車で約２５分！健康朝食バイキング、男女別大浴場が無料♪ウェルカムコーヒーも♪,2000,121409.13,471499.33,824-0031,福岡県,行橋市西宮市2-2-16,0930-28-8222,0930-28-8219,行橋駅より徒歩にて約1分♪北九州空港より車で40分♪小倉駅から16分♪,有り　無料　平面／47台（先着順）　※大型車、バイク、自転車は不可,行橋,https://img.travel.rakuten.co.jp/share/HOTEL/172605/172605.jpg,https://img.travel.rakuten.co.jp/HIMG/90/172605.jpg,,,https://img.travel.rakuten.co.jp/share/HOTEL/172605/172605map.gif,957.0,4.21,"部屋のコップは汚かったので洗い直して…　2026-09-01 16:19:10投稿 <a href=""https://img.travel.rakuten.co.jp/image/tr/api/re/gJNfM/?f_hotel_no=172605"" class=""3click"">つづきはこちら</a>",sna,禁煙スタンダードシングル【120ｃｍセミダブルベッド】,4571732.0,当日限定シングルプラン♪空いてたらラッキー♪【健康朝食・大浴場無料】,1,0,0,1,0,1,https://img.travel.rakuten.co.jp/image/tr/api/re/JlnYS/?f_no=172605&f_syu=sna&f_hi1=2026-09-20&f_hi2=2026-09-21&f_heya_su=1&f_otona_su=1&f_s1=0&f_s2=0&f_y1=0&f_y2=0&f_y3=0&f_y4=0&f_camp_id=4571732,2,2026-09-20,34400,34400,0,2026-09-20,buzen
151178,ダイワロイネットホテル小倉駅前,https://img.travel.rakuten.co.jp/image/tr/api/re/pvonD/?f_no=151178,https://img.travel.rakuten.co.jp/image/tr/api/re/vFumt/?f_no=151178&f_flg=PLAN,https://img.travel.rakuten.co.jp/image/tr/api/re/WzozX/?noTomariHotel=151178,https://img.travel.rakuten.co.jp/image/tr/api/re/gJNfM/?f_hotel_no=151178,だいわろいねっとほてるこくらえきまえ,『好立地！』魚町商店街まで徒歩1分！★チェックイン14：00～チェックアウト11：00★,6850,121972.65,471181.32,802-0006,福岡県,北九州市小倉北区魚町1-5-14,093-513-7580,093-513-7581,ＪＲ　小倉駅　小倉城口（南口）より徒歩にて約４分◆JR　博多駅から新幹線で約20分（ひと駅）◆モノレール沿い,"先着28台 1泊(14時〜翌11時) 1,300円（サイズ制限有)",小倉（福岡）,https://img.travel.rakuten.co.jp/share/HOTEL/151178/151178.jpg,https://img.travel.rakuten.co.jp/HIMG/90/151178.jpg,https://img.travel.rakuten.co.jp/share/HOTEL/151178/151178_kan1.jpg,https://img.travel.rakuten.co.jp/HIMG/INTERIOR/151178.jpg,https://img.travel.rakuten.co.jp/share/HOTEL/151178/151178map.gif,1658.0,4.43,"とても丁寧な接客で安心して過ごすことができました。また、機会があれば利用したいです。　2026-09-15 23:27:58投稿 <a href=""https://img.travel.rakuten.co.jp/image/tr/api/re/gJNfM/?f_hotel_no=151178"" class=""3click"">つづきはこちら</a>",ktso001,【素泊り】お部屋タイプはホテルにおまかせ！(1名利用),6253486.0,【素泊り】お部屋タイプはホテルにおまかせ！(1名利用・喫煙),1,0,0,0,0,1,https://img.travel.rakuten.co.jp/image/tr/api/re/IdsCY/?f_no=151178&f_syu=ktso001&f_hi1=2026-09-20&f_hi2=2026-09-21&f_heya_su=1&f_otona_su=1&f_s1=0&f_s2=0&f_y1=0&f_y2=0&f_y3=0&f_y4=0&f_camp_id=6253486,0,2026-09-20,29000,29000,0,2026-09-20,kitakyusyu
187885,フェアフィールド・バイ・マリオット・福岡うきは,https://img.travel.rakuten.co.jp/image/tr/api/re/pvonD/?f_no=187885,https://img.travel.rakuten.co.jp/image/tr/api/re/vFumt/?f_no=187885&f_flg=PLAN,https://img.travel.rakuten.co.jp/image/tr/api/re/WzozX/?noTomariHotel=187885,https://img.travel.rakuten.co.jp/image/tr/api/re/gJNfM/?f_hotel_no=187885,ふぇあふぃーるど･ばい･まりおっと･ふくおかうきは,偶然と発見に出会う旅が待っている。特別な物語をここで。,5899,119990.79,470957.82,839-1408,福岡県,うきは市浮羽町山北734-6,06-6743-4750,06-6743-4584,JRうきは駅より車で約7分。杷木 ICより車で10分。,有：【ホテル専用駐車場／ホテル裏共同利用駐車場】をご利用ください（先着順）,うきは,https://img.travel.rakuten.co.jp/share/HOTEL/187885/187885.jpg,https://img.travel.rakuten.co.jp/HIMG/90/187885.jpg,,,https://img.travel.rakuten.co.jp/share/HOTEL/187885/187885map.gif,43.0,4.7,"以前から気になっていたホテルだったので、Marriott Bonvoyに入会して夫婦で初めて利用しました。到着が夜だったので、夕食は近くのスーパーで購入。お風呂はバスタブが無いのが少し残念ですが、部屋…　2026-08-28 19:28:45投稿 <a href=""https://img.travel.rakuten.co.jp/image/tr/api/re/gJNfM/?f_hotel_no=187885"" class=""3click"">つづきはこちら</a>",ukiking,【禁煙】キングルーム　25平米/ベッド幅180cm×1台,5739378.0,【Marriott Bonvoy会員対象】素泊まり・フェアフィールドを拠点にうきはを満喫旅,1,0,0,0,0,2,https://img.travel.rakuten.co.jp/image/tr/api/re/IdsCY/?f_no=187885&f_syu=ukiking&f_hi1=2026-09-20&f_hi2=2026-09-21&f_heya_su=1&f_otona_su=1&f_s1=0&f_s2=0&f_y1=0&f_y2=0&f_y3=0&f_y4=0&f_camp_id=5739378,0,2026-09-20,48400,48400,0,2026-09-20,kurume
196668,Ｐｒｅｃｉｏｕｓ　ＣＡＢＩＮ　キャビン型カプセルホテル,https://img.travel.rakuten.co.jp/image/tr/api/re/pvonD/?f_no=196668,https://img.travel.rakuten.co.jp/image/tr/api/re/vFumt/?f_no=196668&f_flg=PLAN,,https://img.travel.rakuten.co.jp/image/tr/api/re/gJNfM/?f_hotel_no=196668,ぷれしゃすきゃびん　きゃびんがたかぷせるほてる,九州最多の4種のサウナや温泉、リラクゼーションルーム使い放題！充実のキャビンライフが過ごせます♪コワーキングにも◎,5500,118834.91,469694.1,836-0895,福岡県,大牟田市新勝立町6-37,0944-53-8126,--,博多駅もしくは天神駅から電車で約1時間　大牟田駅下車　そこから車で約10分,あり　240台　無料　予約不要,大牟田,https://img.travel.rakuten.co.jp/share/HOTEL/196668/196668.jpg,https://img.travel.rakuten.co.jp/HIMG/90/196668.jpg,,,https://img.travel.rakuten.co.jp/share/HOTEL/196668/196668map.gif,31.0,4.03,"くつろぎスペースが2ヵ所また、ジムもあって宿泊は併設のホテルで安くて綺麗です。ジムが気に入りました！2日間ゆっく…　2026-09-10 15:34:45投稿 <a href=""https://img.travel.rakuten.co.jp/image/tr/api/re/gJNfM/?f_hotel_no=196668"" class=""3click"">つづきはこちら</a>",1,＜男女兼用＞キャビン,6410919.0,【15％OFF】【楽天スーパーSALE】個室感覚でリーズナブルなキャビンステイ＜朝カレー無料＞,1,0,0,1,0,2,https://img.travel.rakuten.co.jp/image/tr/api/re/IdsCY/?f_no=196668&f_syu=1&f_hi1=2026-09-20&f_hi2=2026-09-21&f_heya_su=1&f_otona_su=1&f_s1=0&f_s2=0&f_y1=0&f_y2=0&f_y3=0&f_y4=0&f_camp_id=6410919,0,2026-09-20,5950,5950,0,2026-09-20,chikugo
129992,おおむたハイツ,https://img.travel.rakuten.co.jp/image/tr/api/re/pvonD/?f_no=129992,https://img.travel.rakuten.co.jp/image/tr/api/re/vFumt/?f_no=129992&f_flg=PLAN,https://img.travel.rakuten.co.jp/image/tr/api/re/WzozX/?noTomariHotel=129992,https://img.travel.rakuten.co.jp/image/tr/api/re/gJNfM/?f_hotel_no=129992,おおむたはいつ,グリーンランドまで30分圏内！ファミリーフレンドリーな絶景温泉宿,5340,119035.97,469654.36,837-0905,福岡県,大牟田市甘木甘木山1203-116,0944-58-3497,0944-58-7069,「大牟田駅（ＪＲ・西鉄）」よりタクシーで約15分、九州自動車道「南関ＩＣ」よりお車で約10分,有り　２００台　無料　予約不要,,https://img.travel.rakuten.co.jp/share/HOTEL/129992/129992.jpg,https://img.travel.rakuten.co.jp/HIMG/90/129992.jpg,https://img.travel.rakuten.co.jp/share/HOTEL/129992/129992_you.jpg,https://img.travel.rakuten.co.jp/HIMG/INTERIOR/129992.jpg,https://img.travel.rakuten.co.jp/share/HOTEL/129992/129992map.gif,140.0,4.0,"諸事情…　2026-08-15 20:51:13投稿 <a href=""https://img.travel.rakuten.co.jp/image/tr/api/re/gJNfM/?f_hotel_no=129992"" class=""3click"">つづきはこちら</a>",prob1,訳あり1名-和室＜バス・トイレなし＞,4587580.0,【訳ありプラン　素泊まり】「寝るだけ、泊まるだけ」！館内温泉あり,1,0,0,0,0,1,https://img.travel.rakuten.co.jp/image/tr/api/re/IdsCY/?f_no=129992&f_syu=prob1&f_hi1=2026-09-20&f_hi2=2026-09-21&f_heya_su=1&f_otona_su=1&f_s1=0&f_s2=0&f_y1=0&f_y2=0&f_y3=0&f_y4=0&f_camp_id=4587580,0,2026-09-20,12380,12380,0,2026-09-20,chikugo
18461,柳川ビジネスホテル,https://img.travel.rakuten.co.jp/image/tr/api/re/pvonD/?f_no=18461,https://img.travel.rakuten.co.jp/image/tr/api/re/vFumt/?f_no=18461&f_flg=PLAN,https://img.travel.rakuten.co.jp/image/tr/api/re/WzozX/?noTomariHotel=18461,https://img.travel.rakuten.co.jp/image/tr/api/re/gJNfM/?f_hotel_no=18461,やながわ　びじねすほてる,西鉄柳川駅より徒歩５分　｢川下り」乗船場にも隣接してビジネスにも観光にも最適です！　Wi-Fi全室無料♪駐車場無料♪,4980,119393.49,469510.22,832-0826,福岡県,柳川市三橋町高畑243-1,0944-74-1500,0944-72-4268,西鉄柳川駅より徒歩5分/九州自動車道みやま柳川ＩＣより車で約１０分,有り　２０台無料,西鉄柳川,https://img.travel.rakuten.co.jp/share/HOTEL/18461/18461.jpg,https://img.travel.rakuten.co.jp/HIMG/90/18461.jpg,https://img.travel.rakuten.co.jp/share/HOTEL/18461/18461_r.jpg,https://img.travel.rakuten.co.jp/HIMG/INTERIOR/18461.jpg,https://img.travel.rakuten.co.jp/share/HOTEL/18461/18461map.gif,171.0,3.4,,s,スタンダードシングル【電子タバコのみ可】,6194213.0,シンプルステイ【素泊まり】プラン,1,0,0,0,0,0,https://img.travel.rakuten.co.jp/image/tr/api/re/IdsCY/?f_no=18461&f_syu=s&f_hi1=2026-09-20&f_hi2=2026-09-21&f_heya_su=1&f_otona_su=1&f_s1=0&f_s2=0&f_y1=0&f_y2=0&f_y3=0&f_y4=0&f_camp_id=6194213,0,2026-09-20,7300,7300,0,2026-09-20,chikugo
13423,ビジネスホテル　わらじ家本館,https://img.travel.rakuten.co.jp/image/tr/api/re/pvonD/?f_no=13423,https://img.travel.rakuten.co.jp/image/tr/api/re/vFumt/?f_no=13423&f_flg=PLAN,https://img.travel.rakuten.co.jp/image/tr/api/re/WzozX/?noTomariHotel=13423,https://img.travel.rakuten.co.jp/image/tr/api/re/gJNfM/?f_hotel_no=13423,わらじや　ほんかん,清潔、閑静な宿。家族的なおもてなし。,3300,118902.67,469626.04,8360837,福岡県,大牟田市谷町2-6,0944-52-3184,0944-52-3197,『JR大牟田駅』より徒歩8分／九州自動車道『南関IC』より車で20分,無料駐車場15台有り（先着順）,大牟田,https://img.travel.rakuten.co.jp/share/HOTEL/13423/13423.jpg,https://img.travel.rakuten.co.jp/HIMG/90/13423.jpg,https://img.travel.rakuten.co.jp/share/HOTEL/13423/13423_w.jpg,https://img.travel.rakuten.co.jp/HIMG/INTERIOR/13423.jpg,https://img.travel.rakuten.co.jp/share/HOTEL/13423/13423map.gif,129.0,3.0,"お部屋も設備も清潔感も特に問題がなく、あの価格でそれだけの宿泊を提供いただけるなら全く問題ありません。　2026-06-16 17:39:54投稿 <a href=""https://img.travel.rakuten.co.jp/image/tr/api/re/gJNfM/?f_hotel_no=13423"" class=""3click"">つづきはこちら</a>",singul8,シングル,,,1,0,0,0,0,1,https://img.travel.rakuten.co.jp/image/tr/api/re/IdsCY/?f_no=13423&f_syu=singul8&f_hi1=2026-09-20&f_hi2=2026-09-21&f_heya_su=1&f_otona_su=1&f_s1=0&f_s2=0&f_y1=0&f_y2=0&f_y3=0&f_y4=0,1,2026-09-20,5170,5170,0,2026-09-20,chikugo
43814,松葉屋,https://img.travel.rakuten.co.jp/image/tr/api/re/pvonD/?f_no=43814,https://img.travel.rakuten.co.jp/image/tr/api/re/vFumt/?f_no=43814&f_flg=PLAN,https://img.travel.rakuten.co.jp/image/tr/api/re/WzozX/?noTomariHotel=43814,https://img.travel.rakuten.co.jp/image/tr/api/re/gJNfM/?f_hotel_no=43814,まつばや,"1958年創業した古い旅館です。佐賀、熊本、福岡と交通の便がよく有明海の豊かな魚介類でおもてなしします,",3800,119229.71,469588.82,839-0254,福岡県,柳川市大和町中島673,0944-76-3212,0944-76-4084,西鉄天神大牟田線  西鉄中島駅より徒歩１分,有り　１４台　無料　先着順,西鉄中島,https://img.travel.rakuten.co.jp/share/HOTEL/43814/43814.jpg,https://img.travel.rakuten.co.jp/HIMG/90/43814.jpg,https://img.travel.rakuten.co.jp/share/HOTEL/43814/43814_s.jpg,https://img.travel.rakuten.co.jp/HIMG/INTERIOR/43814.jpg,https://img.travel.rakuten.co.jp/share/HOTEL/43814/43814map.gif,33.0,3.86,"帰る時にも、松葉屋さんに教えてい…　2026-08-13 20:25:55投稿 <a href=""https://img.travel.rakuten.co.jp/image/tr/api/re/gJNfM/?f_hotel_no=43814"" class=""3click"">つづきはこちら</a>",a,和室1名,2976582.0,ビジネスプラン　食事無し,1,0,0,0,0,2,https://img.travel.rakuten.co.jp/image/tr/api/re/IdsCY/?f_no=43814&f_syu=a&f_hi1=2026-09-20&f_hi2=2026-09-21&f_heya_su=1&f_otona_su=1&f_s1=0&f_s2=0&f_y1=0&f_y2=0&f_y3=0&f_y4=0&f_camp_id=2976582,0,2026-09-20,5200,5200,0,2026-09-20,chikugo
178484,ベストウェスタンプラス福岡天神南,https://img.travel.rakuten.co.jp/image/tr/api/re/pvonD/?f_no=178484,https://img.travel.rakuten.co.jp/image/tr/api/re/vFumt/?f_no=178484&f_flg=PLAN,https://img.travel.rakuten.co.jp/image/tr/api/re/WzozX/?noTomariHotel=178484,https://img.travel.rakuten.co.jp/image/tr/api/re/gJNfM/?f_hotel_no=178484,べすとうぇすたんぷらすふくおかてんじん,九州初、ベストウェスタンプラスでワンランク上の快適なご滞在を。天神も中洲も徒歩圏内。ビジネスや旅行に最適です。,5000,120908.64,469470.24,810-0003,福岡県,福岡市中央区春吉3-13-19,092-718-7700,092-718-7705,福岡市地下鉄七隈線「天神南駅」より徒歩にて約5分,無し　近隣のコインパーキングをご利用ください。,天神,https://img.travel.rakuten.co.jp/share/HOTEL/178484/178484.jpg,https://img.travel.rakuten.co.jp/HIMG/90/178484.jpg,,,https://img.travel.rakuten.co.jp/share/HOTEL/178484/178484map.gif,881.0,4.18,"おしゃれで清潔でした。お水やコーヒーのフリーコーナーが嬉しかった。　2026-09-12 15:35:50投稿 <a href=""https://img.travel.rakuten.co.jp/image/tr/api/re/gJNfM/?f_hotel_no=178484"" class=""3click"">つづきはこちら</a>",suptwn1,禁煙スーペリアツインルーム,6288060.0,【10％OFF】【楽天スーパーSALE】福岡を楽しもう！ / 天神＆中洲へ好アクセス / 素泊り,1,0,0,0,0,1,https://img.travel.rakuten.co.jp/image/tr/api/re/IdsCY/?f_no=178484&f_syu=suptwn1&f_hi1=2026-09-20&f_hi2=2026-09-21&f_heya_su=1&f_otona_su=1&f_s1=0&f_s2=0&f_y1=0&f_y2=0&f_y3=0&f_y4=0&f_camp_id=6288060,0,2026-09-20,37800,37800,0,2026-09-20,seibu
2604,ホテルオークラ福岡,https://img.travel.rakuten.co.jp/image/tr/api/re/pvonD/?f_no=2604,https://img.travel.rakuten.co.jp/image/tr/api/re/vFumt/?f_no=2604&f_flg=PLAN,https://img.travel.rakuten.co.jp/image/tr/api/re/WzozX/?noTomariHotel=2604,https://img.travel.rakuten.co.jp/image/tr/api/re/gJNfM/?f_hotel_no=2604,おーくら　ふくおか,ホテルオークラ福岡のおもてなしで寛ぎのひと時をお過ごし下さい。地下鉄直結の好立地により、ゆとりある時間でご利用頂けます。,13005,120931.91,469465.86,812-0027,福岡県,福岡市博多区下川端町3-2 博多リバレイン,092-262-1111,092-262-7701,"地下鉄-中洲川端駅直結-6番出口徒歩1分（福岡空港駅約10分,博多駅約5分）/お車（福岡空港約20分,博多駅約10分）","有り  1泊 ￥2,000（税込）　台数387台　※近隣施設共有駐車場の為、予約が出来兼ねます。",中洲川端,https://img.travel.rakuten.co.jp/share/HOTEL/2604/2604.jpg,https://img.travel.rakuten.co.jp/HIMG/90/2604.jpg,https://img.travel.rakuten.co.jp/share/HOTEL/2604/2604_sgl.jpg,https://img.travel.rakuten.co.jp/HIMG/INTERIOR/2604.jpg,https://img.travel.rakuten.co.jp/share/HOTEL/2604/2604map.gif,2490.0,4.56,"朝食バイキングは安定して美味しかったです。サービススタッフも素晴らしいと思います。ただチェックイン時に荷物を持たずフロントに行った際に、3名程フロントスタッフが待機していたにも関わらず近寄って目の前に…　2026-09-08 21:14:50投稿 <a href=""https://img.travel.rakuten.co.jp/image/tr/api/re/gJNfM/?f_hotel_no=2604"" class=""3click"">つづきはこちら</a>",ntbtp,【禁煙】スーペリアツイン　30平米,6586709.0,【5％OFF】【楽天スーパーSALE】シンプルステイ（室料のみ）/返金不可,1,0,0,0,0,2,https://img.travel.rakuten.co.jp/image/tr/api/re/IdsCY/?f_no=2604&f_syu=ntbtp&f_hi1=2026-09-20&f_hi2=2026-09-21&f_heya_su=1&f_otona_su=1&f_s1=0&f_s2=0&f_y1=0&f_y2=0&f_y3=0&f_y4=0&f_camp_id=6586709,0,2026-09-20,60800,60800,0,2026-09-20,seibu
539,博多エクセルホテル東急,https://img.travel.rakuten.co.jp/image/tr/api/re/pvonD/?f_no=539,https://img.travel.rakuten.co.jp/image/tr/api/re/vFumt/?f_no=539&f_flg=PLAN,https://img.travel.rakuten.co.jp/image/tr/api/re/WzozX/?noTomariHotel=539,https://img.travel.rakuten.co.jp/image/tr/api/re/gJNfM/?f_hotel_no=539,はかた　えくせるほてるとうきゅう,九州最大級の繁華街中洲に位置　中洲屋台街・博多や天神エリアも徒歩圏内,5938,120921.8,469467.01,810-0801,福岡県,福岡市博多区中洲4-6-7,092-262-0109,092-262-5578,福岡空港・ＪＲ博多駅から地下鉄で一本！　中洲川端駅4番出口より徒歩約2分,"先着順で有料駐車場有り/予約不可/1泊1,700円/ 高さ制限を越えるお車は近隣駐車場をご案内します",中洲川端,https://img.travel.rakuten.co.jp/share/HOTEL/539/539.jpg,https://img.travel.rakuten.co.jp/HIMG/90/539.jpg,https://img.travel.rakuten.co.jp/share/HOTEL/539/539_t.jpg,https://img.travel.rakuten.co.jp/HIMG/INTERIOR/539.jpg,https://img.travel.rakuten.co.jp/share/HOTEL/539/539map.gif,2078.0,4.18,"また　利用したいと思うホテルでした。　2026-09-17 23:03:30投稿 <a href=""https://img.travel.rakuten.co.jp/image/tr/api/re/gJNfM/?f_hotel_no=539"" class=""3click"">つづきはこちら</a>",pdbn_2,【禁煙】プレミアダブル,6193822.0,スタンダードプラン【素泊り】,1,0,0,0,0,1,https://img.travel.rakuten.co.jp/image/tr/api/re/IdsCY/?f_no=539&f_syu=pdbn_2&f_hi1=2026-09-20&f_hi2=2026-09-21&f_heya_su=1&f_otona_su=1&f_s1=0&f_s2=0&f_y1=0&f_y2=0&f_y3=0&f_y4=0&f_camp_id=6193822,0,2026-09-20,77050,77050,0,2026-09-20,seibu
183210,ＹＯＵ　ＳＴＹＬＥ　ＨＯＴＥＬ　ＨＡＫＡＴＡ,https://img.travel.rakuten.co.jp/image/tr/api/re/pvonD/?f_no=183210,https://img.travel.rakuten.co.jp/image/tr/api/re/vFumt/?f_no=183210&f_flg=PLAN,https://img.travel.rakuten.co.jp/image/tr/api/re/WzozX/?noTomariHotel=183210,https://img.travel.rakuten.co.jp/image/tr/api/re/gJNfM/?f_hotel_no=183210,ゆー　すたいる　ほてる　はかた,【全室禁煙】2021年10月　新築グランドオープン♪博多座の隣！中洲川端駅からも徒歩3分で便利な立地！,4400,120934.57,469470.12,812-0027,福岡県,福岡市博多区下川端町10-1,092-402-4433,092-402-4432,中洲川端駅より徒歩3分,"有(1,700円/泊)※ホテル内駐車場１台分のみ。※予約制のためホテルに直接お問い合わせください。",中洲川端,https://img.travel.rakuten.co.jp/share/HOTEL/183210/183210.jpg,https://img.travel.rakuten.co.jp/HIMG/90/183210.jpg,,,https://img.travel.rakuten.co.jp/share/HOTEL/183210/183210map.gif,301.0,4.3,,single1,【全室禁煙】セミダブルルーム,5238826.0,★楽天アワード2年連続受賞記念★【素泊まり】2021年10月グランドオープン！全室光触媒除菌導入,1,0,0,0,0,1,https://img.travel.rakuten.co.jp/image/tr/api/re/IdsCY/?f_no=183210&f_syu=single1&f_hi1=2026-09-20&f_hi2=2026-09-21&f_heya_su=1&f_otona_su=1&f_s1=0&f_s2=0&f_y1=0&f_y2=0&f_y3=0&f_y4=0&f_camp_id=5238826,0,2026-09-20,30700,30700,0,2026-09-20,seibu
1137,ヒルトン福岡シーホーク,https://img.travel.rakuten.co.jp/image/tr/api/re/pvonD/?f_no=1137,https://img.travel.rakuten.co.jp/image/tr/api/re/vFumt/?f_no=1137&f_flg=PLAN,https://img.travel.rakuten.co.jp/image/tr/api/re/WzozX/?noTomariHotel=1137,https://img.travel.rakuten.co.jp/image/tr/api/re/gJNfM/?f_hotel_no=1137,ひるとんふくおかしーほーく,みずほPayPayドーム福岡隣接。全室オーシャンビュー！専用ラウンジ特典付エグゼクティブフロアも魅力。,11818,120928.65,469306.24,810-8650,福岡県,福岡市中央区地行浜2-2-3,092-844-8111,092-844-7899,【バス】天神からW１番で１５分／博多駅から３０６番で３０分→ヒルトン福岡前下車 。,"有り 800台 １泊2,000円(予約不要。チェックイン前の駐車可能）",唐人町,https://img.travel.rakuten.co.jp/share/HOTEL/1137/1137.jpg,https://img.travel.rakuten.co.jp/HIMG/90/1137.jpg,https://img.travel.rakuten.co.jp/share/HOTEL/1137/1137_sgl.jpg,https://img.travel.rakuten.co.jp/HIMG/INTERIOR/1137.jpg,https://img.travel.rakuten.co.jp/share/HOTEL/1137/1137map.gif,4831.0,4.16,"朝食の種類も豊富で、どれも美味しかったです…　2026-09-11 10:31:41投稿 <a href=""https://img.travel.rakuten.co.jp/image/tr/api/re/gJNfM/?f_hotel_no=1137"" class=""3click"">つづきはこちら</a>",d1,ヒルトン ダブル（禁煙）,6356975.0,【博多湾オーシャンビュー】お子様連れも安心！6歳未満添い寝無料♪シンプルステイ（お部屋のみ）2026,1,0,0,0,0,1,https://img.travel.rakuten.co.jp/image/tr/api/re/IdsCY/?f_no=1137&f_syu=d1&f_hi1=2026-09-20&f_hi2=2026-09-21&f_heya_su=1&f_otona_su=1&f_s1=0&f_s2=0&f_y1=0&f_y2=0&f_y3=0&f_y4=0&f_camp_id=6356975,0,2026-09-20,45870,45870,0,2026-09-20,seibu
182563,コンフォートイン福岡天神,https://img.travel.rakuten.co.jp/image/tr/api/re/pvonD/?f_no=182563,https://img.travel.rakuten.co.jp/image/tr/api/re/vFumt/?f_no=182563&f_flg=PLAN,https://img.travel.rakuten.co.jp/image/tr/api/re/WzozX/?noTomariHotel=182563,https://img.travel.rakuten.co.jp/image/tr/api/re/gJNfM/?f_hotel_no=182563,こんふぉーといんふくおかてんじん,地下鉄空港線「天神」駅16番出口より徒約5分◆九州最大の繁華街「中洲屋台街」まで徒歩約7分◆小学6年生まで添い寝無料,3800,120910.27,469461.25,810-0001,福岡県,福岡市中央区天神1-2-1,092-711-2811,092-711-2812,天神南駅5番出口徒歩約1分◆天神駅16番出口徒歩約5分◆博多バスターミナルA・E・F乗り場より春吉停留所下車、徒歩約1分,"敷地内駐車場　身体障碍者用1台　1泊（15:00〜10:00）2,000円　先着順",天神,https://img.travel.rakuten.co.jp/share/HOTEL/182563/182563.jpg,https://img.travel.rakuten.co.jp/HIMG/90/182563.jpg,,,https://img.travel.rakuten.co.jp/share/HOTEL/182563/182563map.gif,461.0,3.96,,nds,１ベッド◆ダブルスタンダード◆多機能シャワーブース浴室◆禁煙,5080242.0,自由きままな Comfort stay◆天神南駅から徒歩1分◆素泊まり,1,0,0,0,0,1,https://img.travel.rakuten.co.jp/image/tr/api/re/IdsCY/?f_no=182563&f_syu=nds&f_hi1=2026-09-20&f_hi2=2026-09-21&f_heya_su=1&f_otona_su=1&f_s1=0&f_s2=0&f_y1=0&f_y2=0&f_y3=0&f_y4=0&f_camp_id=5080242,0,2026-09-20,40000,40000,0,2026-09-20,seibu
173037,ナインアワーズ中洲川端駅,https://img.travel.rakuten.co.jp/image/tr/api/re/pvonD/?f_no=173037,https://img.travel.rakuten.co.jp/image/tr/api/re/vFumt/?f_no=173037&f_flg=PLAN,,https://img.travel.rakuten.co.jp/image/tr/api/re/gJNfM/?f_hotel_no=173037,ないんあわーず　なかすかわばたえき,【2019年8月9日オープン！】地下鉄直結。雨でも安心。福岡中心部にあり抜群のアクセス。観光・ビジネスの活動拠点に。,3400,120930.83,469469.44,812-0027,福岡県,福岡市博多区下川端町3-1　博多リバレインモールＢ1Ｆ,092-283-8755,092-283-8766,福岡市地下鉄中洲川端駅直結,無し,中洲川端,https://img.travel.rakuten.co.jp/share/HOTEL/173037/173037.jpg,https://img.travel.rakuten.co.jp/HIMG/90/173037.jpg,,,https://img.travel.rakuten.co.jp/share/HOTEL/173037/173037map.gif,311.0,4.15,"しいて言うなら、目覚ましを携帯でかける人がずっと気が付かずに、アラームやら音楽を止めずに寝てるので、どうにか…　2026-09-04 12:52:32投稿 <a href=""https://img.travel.rakuten.co.jp/image/tr/api/re/gJNfM/?f_hotel_no=173037"" class=""3click"">つづきはこちら</a>",f01,女性用スリーピングポッド 禁煙（通常）,4811492.0,スタンダードプラン！◆地下鉄「中洲川端駅」直結,1,0,0,0,0,1,https://img.travel.rakuten.co.jp/image/tr/api/re/IdsCY/?f_no=173037&f_syu=f01&f_hi1=2026-09-20&f_hi2=2026-09-21&f_heya_su=1&f_otona_su=1&f_s1=0&f_s2=0&f_y1=0&f_y2=0&f_y3=0&f_y4=0&f_camp_id=4811492,0,2026-09-20,17200,17200,1,2026-09-20,seibu
176752,ザ・ミレニアルズ福岡（Ｔｈｅ　Ｍｉｌｌｅｎｎｉａｌｓ　福岡）,https://img.travel.rakuten.co.jp/image/tr/api/re/pvonD/?f_no=176752,https://img.travel.rakuten.co.jp/image/tr/api/re/vFumt/?f_no=176752&f_flg=PLAN,https://img.travel.rakuten.co.jp/image/tr/api/re/WzozX/?noTomariHotel=176752,https://img.travel.rakuten.co.jp/image/tr/api/re/gJNfM/?f_hotel_no=176752,ざ　みれにあるず　ふくおか,「スマートポッド」という未来型の宿泊体験。コワーキングスペース、ビリヤードに加え、夕方にはフリービール提供中！,4100,120925.76,469464.98,810-0801,福岡県,福岡市博多区中洲5-2-18,092-262-2009,092-262-1909,「THE LIVELY 福岡博多」内。地下鉄「中洲川端」駅2番出口より徒歩1分。天神・繁華街まで徒歩圏内。,"1,800円 予約不可。車種制限(車高1.6ｍ、車幅1.7ｍ)",中洲川端,https://img.travel.rakuten.co.jp/share/HOTEL/176752/176752.jpg,https://img.travel.rakuten.co.jp/HIMG/90/176752.jpg,https://img.travel.rakuten.co.jp/share/HOTEL/176752/176752_kan1.jpg,https://img.travel.rakuten.co.jp/HIMG/INTERIOR/176752.jpg,https://img.travel.rakuten.co.jp/share/HOTEL/176752/176752map.gif,162.0,3.95,"通常のゲストハウスを考えればし…　2026-09-14 14:26:32投稿 <a href=""https://img.travel.rakuten.co.jp/image/tr/api/re/gJNfM/?f_hotel_no=176752"" class=""3click"">つづきはこちら</a>",fo,スマートポッド - 女性専用,6420347.0,【女性専用エリア】人気美容アイテム体験！ビューティーステイ（素泊まり）,1,0,0,0,0,1,https://img.travel.rakuten.co.jp/image/tr/api/re/IdsCY/?f_no=176752&f_syu=fo&f_hi1=2026-09-20&f_hi2=2026-09-21&f_heya_su=1&f_otona_su=1&f_s1=0&f_s2=0&f_y1=0&f_y2=0&f_y3=0&f_y4=0&f_camp_id=6420347,0,2026-09-20,24500,24500,0,2026-09-20,seibu
168796,東急ステイ福岡天神,https://img.travel.rakuten.co.jp/image/tr/api/re/pvonD/?f_no=168796,https://img.travel.rakuten.co.jp/image/tr/api/re/vFumt/?f_no=168796&f_flg=PLAN,https://img.travel.rakuten.co.jp/image/tr/api/re/WzozX/?noTomariHotel=168796,https://img.travel.rakuten.co.jp/image/tr/api/re/gJNfM/?f_hotel_no=168796,とうきゅう　すてい　ふくおか　てんじん,★楽天ブロンズアワード2023受賞☆小学生以下添い寝無料プランあり！全室洗濯乾燥機付！天神南駅から徒歩3分,5570,120909.97,469466.23,810-0003,福岡県,福岡市中央区春吉3-21-24,092-762-0109,092-762-0106,福岡空港より福岡市地下鉄空港線で5駅、地下鉄天神駅16番出口より徒歩7分/地下鉄七隈線天神南駅6番出口より徒歩3分,無。ホテル隣接のコインパーキング「トラストパーク春吉3丁目3」をご利用ください（提携駐車場無し）,博多,https://img.travel.rakuten.co.jp/share/HOTEL/168796/168796.jpg,https://img.travel.rakuten.co.jp/HIMG/90/168796.jpg,,,https://img.travel.rakuten.co.jp/share/HOTEL/168796/168796map.gif,843.0,4.36,,wrn2new,レジデンシャルダブル【禁煙】19平米／洗濯機・ミニキッチン付,5686760.0,【5％OFF】【楽天スーパーSALE】ビジネス＆観光の拠点に！全室洗濯乾燥機付き【1名】（素泊）,10,0,0,0,0,1,https://img.travel.rakuten.co.jp/image/tr/api/re/IdsCY/?f_no=168796&f_syu=wrn2new&f_hi1=2026-09-20&f_hi2=2026-09-21&f_heya_su=1&f_otona_su=1&f_s1=0&f_s2=0&f_y1=0&f_y2=0&f_y3=0&f_y4=0&f_camp_id=5686760,0,2026-09-20,51260,51260,0,2026-09-20,seibu
184507,クロスライフ博多天神（オリックスホテルズ＆リゾーツ）,https://img.travel.rakuten.co.jp/image/tr/api/re/pvonD/?f_no=184507,https://img.travel.rakuten.co.jp/image/tr/api/re/vFumt/?f_no=184507&f_flg=PLAN,https://img.travel.rakuten.co.jp/image/tr/api/re/WzozX/?noTomariHotel=184507,https://img.travel.rakuten.co.jp/image/tr/api/re/gJNfM/?f_hotel_no=184507,くろすらいふはかたてんじん（おりっくすほてるず＆りぞーと）,【地下鉄七隈線「天神南」駅 6番出口より徒歩7分】、【大浴場・サウナ】【スマートTV】完備。,8100,120904.02,469472.41,810-0003,福岡県,福岡市中央区春吉3-26-30,092-733-0130,092-733-8780,・地下鉄七隈線「天神南」駅 6番出口より徒歩7分,有り　22台　1700円（税込み／泊）　要予約,天神,https://img.travel.rakuten.co.jp/share/HOTEL/184507/184507.jpg,https://img.travel.rakuten.co.jp/HIMG/90/184507.jpg,,,https://img.travel.rakuten.co.jp/share/HOTEL/184507/184507map.gif,130.0,4.34,,01,コンフォートダブル,5944390.0,【返金不可】朝食付き ドリンクチケット付き,1,0,0,1,0,2,https://img.travel.rakuten.co.jp/image/tr/api/re/IdsCY/?f_no=184507&f_syu=01&f_hi1=2026-09-20&f_hi2=2026-09-21&f_heya_su=1&f_otona_su=1&f_s1=0&f_s2=0&f_y1=0&f_y2=0&f_y3=0&f_y4=0&f_camp_id=5944390,0,2026-09-20,42900,42900,0,2026-09-20,seibu
179384,ホテルリブマックス博多中洲,https://img.travel.rakuten.co.jp/image/tr/api/re/pvonD/?f_no=179384,https://img.travel.rakuten.co.jp/image/tr/api/re/vFumt/?f_no=179384&f_flg=PLAN,https://img.travel.rakuten.co.jp/image/tr/api/re/WzozX/?noTomariHotel=179384,https://img.travel.rakuten.co.jp/image/tr/api/re/gJNfM/?f_hotel_no=179384,ほてるりぶまっくすはかたなかす,【2020年3月新築OPEN】中洲川端駅から徒歩２分！博多・天神徒歩圏内！,3485,120927.09,469461.09,810-0801,福岡県,福岡市博多区中洲5-4-21,092-273-0050,092-273-0051,地下鉄空港線・箱崎線　中州川端駅より徒歩にて約2分／地下鉄空港線　天神駅より徒歩にて約８分,近隣にコインパーキングあり　※提携はしておりません　満車の場合はご容赦下さい。,中洲川端,https://img.travel.rakuten.co.jp/share/HOTEL/179384/179384.jpg,https://img.travel.rakuten.co.jp/HIMG/90/179384.jpg,,,https://img.travel.rakuten.co.jp/share/HOTEL/179384/179384map.gif,298.0,3.48,,vsn,【バリアフリーシングル】禁煙/定員２名/２０平米/セミダブル,5721642.0,【リブマックスセール】《15％OFF》ホテルリブマックス博多中洲【素泊り】,1,0,0,0,0,1,https://img.travel.rakuten.co.jp/image/tr/api/re/IdsCY/?f_no=179384&f_syu=vsn&f_hi1=2026-09-20&f_hi2=2026-09-21&f_heya_su=1&f_otona_su=1&f_s1=0&f_s2=0&f_y1=0&f_y2=0&f_y3=0&f_y4=0&f_camp_id=5721642,0,2026-09-20,37400,37400,0,2026-09-20,seibu
182181,ホテルオリエンタルエクスプレス福岡中洲川端,https://img.travel.rakuten.co.jp/image/tr/api/re/pvonD/?f_no=182181,https://img.travel.rakuten.co.jp/image/tr/api/re/vFumt/?f_no=182181&f_flg=PLAN,https://img.travel.rakuten.co.jp/image/tr/api/re/WzozX/?noTomariHotel=182181,https://img.travel.rakuten.co.jp/image/tr/api/re/gJNfM/?f_hotel_no=182181,ほてるおりえんたるえくすぷれすふくおかなかすかわばた,地下鉄空港線・中洲川端駅4分！天神・博多至近。ﾏﾘﾝﾒｯｾ・ﾄﾞｰﾑへﾊﾞｽ１本。無料ジムやウェルカムサービスも充実,4338,120934.99,469480.66,812-0025,福岡県,福岡市博多区店屋町6-26,092-402-2725,092-402-2726,福岡空港よりお車にて約15分。博多駅より地下鉄で約中洲川端駅7番出口より徒歩4分。,"有(8台) / 1泊につき1,500円（税込) /  事前予約不可 / 提携駐車場優待あり",中洲川端,https://img.travel.rakuten.co.jp/share/HOTEL/182181/182181.jpg,https://img.travel.rakuten.co.jp/HIMG/90/182181.jpg,,,https://img.travel.rakuten.co.jp/share/HOTEL/182181/182181map.gif,211.0,3.65,,roh,■ホテルおまかせ（禁煙・部屋タイプ指定なし）,6470581.0,【お日にち限定】お部屋タイプはホテルにおまかせ☆「中洲川端駅」徒歩4分（和洋朝食ブッフェ付）,1,0,0,1,0,2,https://img.travel.rakuten.co.jp/image/tr/api/re/IdsCY/?f_no=182181&f_syu=roh&f_hi1=2026-09-20&f_hi2=2026-09-21&f_heya_su=1&f_otona_su=1&f_s1=0&f_s2=0&f_y1=0&f_y2=0&f_y3=0&f_y4=0&f_camp_id=6470581,0,2026-09-20,41300,41300,0,2026-09-20,seibu
195671,閑静な住宅街にある白い洋風アパート／民泊,https://img.travel.rakuten.co.jp/image/tr/api/re/pvonD/?f_no=195671,https://img.travel.rakuten.co.jp/image/tr/api/re/vFumt/?f_no=195671&f_flg=PLAN,,https://img.travel.rakuten.co.jp/image/tr/api/re/gJNfM/?f_hotel_no=195671,, ,386667,120898.25,469256.73,814-0006,福岡県,福岡市早良区百道3-7-17 102　新日本パレス百道I,080-8905-6750,00-0000-0000,藤崎駅より徒歩で3分,なし,藤崎（福岡）,https://img.travel.rakuten.co.jp/share/HOTEL/195671/195671.jpg,https://img.travel.rakuten.co.jp/HIMG/90/195671.jpg,,,https://img.travel.rakuten.co.jp/share/HOTEL/195671/195671map.gif,,,,r20354_3,新日本パレス百道I-102,6395548.0,百道102,1,0,0,0,0,2,https://img.travel.rakuten.co.jp/image/tr/api/re/IdsCY/?f_no=195671&f_syu=r20354_3&f_hi1=2026-09-20&f_hi2=2026-09-21&f_heya_su=1&f_otona_su=1&f_s1=0&f_s2=0&f_y1=0&f_y2=0&f_y3=0&f_y4=0&f_camp_id=6395548,0,2026-09-20,1160000,1160000,0,2026-09-20,seibu
12685,新飯塚ステーションホテル,https://img.travel.rakuten.co.jp/image/tr/api/re/pvonD/?f_no=12685,https://img.travel.rakuten.co.jp/image/tr/api/re/vFumt/?f_no=12685&f_flg=PLAN,https://img.travel.rakuten.co.jp/image/tr/api/re/WzozX/?noTomariHotel=12685,https://img.travel.rakuten.co.jp/image/tr/api/re/gJNfM/?f_hotel_no=12685,しんいいずかすてーしょんほてる,【2019年リニューアル】福岡市内より約40分。JR新飯塚駅より徒歩約5分。全室Wi-Fi完備。シモンズベッドが好評！,5500,121096.68,470503.58,820-0018,福岡県,飯塚市芳雄町4-20,0120-26-1377,0948-26-1309,ＪＲ福北ゆたか線『新飯塚駅』より徒歩５分  博多から快速で約４５分　福岡市内にもアクセスが便利！ホテル周辺飲食店多数有,有り　新飯塚パークプラザ（ホテル目の前）有料,新飯塚,https://img.travel.rakuten.co.jp/share/HOTEL/12685/12685.jpg,https://img.travel.rakuten.co.jp/HIMG/90/12685.jpg,https://img.travel.rakuten.co.jp/share/HOTEL/12685/12685_room.jpg,https://img.travel.rakuten.co.jp/HIMG/INTERIOR/12685.jpg,https://img.travel.rakuten.co.jp/share/HOTEL/12685/12685map.gif,1556.0,3.93,,cs26,シングルルーム（喫煙室）,6299164.0,【素泊りプラン】シモンズベッドでゆったり！駅チカホテル,1,0,0,0,0,1,https://img.travel.rakuten.co.jp/image/tr/api/re/IdsCY/?f_no=12685&f_syu=cs26&f_hi1=2026-09-20&f_hi2=2026-09-21&f_heya_su=1&f_otona_su=1&f_s1=0&f_s2=0&f_y1=0&f_y2=0&f_y3=0&f_y4=0&f_camp_id=6299164,0,2026-09-20,8710,8710,0,2026-09-20,chikuzen
9217,メルキュール福岡宗像リゾート＆スパ,https://img.travel.rakuten.co.jp/image/tr/api/re/pvonD/?f_no=9217,https://img.travel.rakuten.co.jp/image/tr/api/re/vFumt/?f_no=9217&f_flg=PLAN,https://img.travel.rakuten.co.jp/image/tr/api/re/WzozX/?noTomariHotel=9217,https://img.travel.rakuten.co.jp/image/tr/api/re/gJNfM/?f_hotel_no=9217,めるきゅーるふくおかむなかたりぞーとすぱ,■9月平日はかに登場■地元素材を使ったビュッフェと露天風呂付温泉が人気■ラウンジも楽しめるオールインクルーシブ,5525,121888.64,469899.37,811-3514,福岡県,宗像市田野1303　,0940-62-4111,0940-62-4000,福岡空港よりお車で約60分　古賀ICより車で約40分　JR東郷駅より無料送迎バス運行中　席数に限りがございます（要予約）,有り188台,東郷,https://img.travel.rakuten.co.jp/share/HOTEL/9217/9217.jpg,https://img.travel.rakuten.co.jp/HIMG/90/9217.jpg,https://img.travel.rakuten.co.jp/share/HOTEL/9217/9217_kan.jpg,https://img.travel.rakuten.co.jp/HIMG/INTERIOR/9217.jpg,https://img.travel.rakuten.co.jp/share/HOTEL/9217/9217map.gif,3115.0,4.23,"8月に行った…　2026-09-12 11:42:25投稿 <a href=""https://img.travel.rakuten.co.jp/image/tr/api/re/gJNfM/?f_hotel_no=9217"" class=""3click"">つづきはこちら</a>",ry,クラシックデラックススイート【ラウンジ特典付】,6372240.0,【返金不可／事前カード決済】博多から60分で叶う｜ラウンジ×スパの旅／朝食・ラウンジアクセス付き,1,0,0,1,0,2,https://img.travel.rakuten.co.jp/image/tr/api/re/IdsCY/?f_no=9217&f_syu=ry&f_hi1=2026-09-20&f_hi2=2026-09-21&f_heya_su=1&f_otona_su=1&f_s1=0&f_s2=0&f_y1=0&f_y2=0&f_y3=0&f_y4=0&f_camp_id=6372240,0,2026-09-20,243025,243025,0,2026-09-20,chikuzen
41372,西鉄ホテル　クルーム博多,https://img.travel.rakuten.co.jp/image/tr/api/re/pvonD/?f_no=41372,https://img.travel.rakuten.co.jp/image/tr/api/re/vFumt/?f_no=41372&f_flg=PLAN,https://img.travel.rakuten.co.jp/image/tr/api/re/WzozX/?noTomariHotel=41372,https://img.travel.rakuten.co.jp/image/tr/api/re/gJNfM/?f_hotel_no=41372,にしてつほてる　くるーむはかた,天然温泉・サウナ完備／博多駅すぐ隣／開放的で居心地のよいロビー空間／館内コンビニ併設,8100,120920.71,469520.4,812-0011,福岡県,福岡市博多区博多駅前一丁目１７番６号,092-413-5454,092-413-5466,ＪＲ　博多駅「博多口」より徒歩約４分    　　　地下鉄　博多駅「西４番出口」より徒歩約４分,１泊1台２，０００円（税込）14:30〜翌12：30,博多,https://img.travel.rakuten.co.jp/share/HOTEL/41372/41372.jpg,https://img.travel.rakuten.co.jp/HIMG/90/41372.jpg,https://img.travel.rakuten.co.jp/share/HOTEL/41372/41372_dai.jpg,https://img.travel.rakuten.co.jp/HIMG/INTERIOR/41372.jpg,https://img.travel.rakuten.co.jp/share/HOTEL/41372/41372map.gif,6894.0,4.27,"コン…　2026-09-01 07:48:04投稿 <a href=""https://img.travel.rakuten.co.jp/image/tr/api/re/gJNfM/?f_hotel_no=41372"" class=""3click"">つづきはこちら</a>",pbsingle,【禁煙】コンフォート ビジネス,6342014.0,【10％OFF】【楽天スーパーSALE】博多駅徒歩4分！癒しのサウナ付温泉大浴場☆＜素泊り＞,1,0,0,0,0,2,https://img.travel.rakuten.co.jp/image/tr/api/re/IdsCY/?f_no=41372&f_syu=pbsingle&f_hi1=2026-09-20&f_hi2=2026-09-21&f_heya_su=1&f_otona_su=1&f_s1=0&f_s2=0&f_y1=0&f_y2=0&f_y3=0&f_y4=0&f_camp_id=6342014,0,2026-09-20,28800,28800,0,2026-09-20,fukuoka
151369,ＫＯＫＯ　ＨＯＴＥＬ　博多駅前,https://img.travel.rakuten.co.jp/image/tr/api/re/pvonD/?f_no=151369,https://img.travel.rakuten.co.jp/image/tr/api/re/vFumt/?f_no=151369&f_flg=PLAN,https://img.travel.rakuten.co.jp/image/tr/api/re/WzozX/?noTomariHotel=151369,https://img.travel.rakuten.co.jp/image/tr/api/re/gJNfM/?f_hotel_no=151369,ここ　ほてる　はかたえきまえ,【TVで話題！博多駅徒歩4分のデザインホテル】世界11都市を巡る寛ぎの空間。全室シモンズ製ベッドとナノイー空気清浄機完備,2790,120906.47,469507.04,812-0011,福岡県,福岡市博多区博多駅前3-22-19,092-476-9111,092-476-9112,JR・地下鉄博多駅博多口から徒歩4分☆福岡空港国内線から地下鉄で2駅　タクシーで約15分　国際線からタクシーで約20分,提携駐車場／270台収容 24時間1500円（税込）でサービス券販売中（10/1 2000円へ改定）,博多,https://img.travel.rakuten.co.jp/share/HOTEL/151369/151369.jpg,https://img.travel.rakuten.co.jp/HIMG/90/151369.jpg,https://img.travel.rakuten.co.jp/share/HOTEL/151369/151369_kan1.jpg,https://img.travel.rakuten.co.jp/HIMG/INTERIOR/151369.jpg,https://img.travel.rakuten.co.jp/share/HOTEL/151369/151369map.gif,1247.0,4.04,"博多駅から徒歩10分程度の便利な立地で、ホテル内も部屋もきれいです。外国の方の利用が多い印象。テーブルは狭めなので、テレワークには向いてないかと。ただ宿泊したり部屋でご飯を食べる分には問題ないです。　2026-09-18 21:15:05投稿 <a href=""https://img.travel.rakuten.co.jp/image/tr/api/re/gJNfM/?f_hotel_no=151369"" class=""3click"">つづきはこちら</a>",deluxe,【South Wing】禁煙デラックスシングルルーム,6580645.0,【楽天スーパーSALE】フロアごとに異なる世界の都市をイメージしたデザイン♪（食事無し）,1,0,0,0,0,1,https://img.travel.rakuten.co.jp/image/tr/api/re/IdsCY/?f_no=151369&f_syu=deluxe&f_hi1=2026-09-20&f_hi2=2026-09-21&f_heya_su=1&f_otona_su=1&f_s1=0&f_s2=0&f_y1=0&f_y2=0&f_y3=0&f_y4=0&f_camp_id=6580645,0,2026-09-20,30240,30240,0,2026-09-20,fukuoka
178967,ホテルフロント・イン福岡空港,https://img.travel.rakuten.co.jp/image/tr/api/re/pvonD/?f_no=178967,https://img.travel.rakuten.co.jp/image/tr/api/re/vFumt/?f_no=178967&f_flg=PLAN,https://img.travel.rakuten.co.jp/image/tr/api/re/WzozX/?noTomariHotel=178967,https://img.travel.rakuten.co.jp/image/tr/api/re/gJNfM/?f_hotel_no=178967,ふろんといんふくおかくうこう,福岡空港や博多の森陸上競技場に隣接しビジネス・観光・イベントの拠点に最適なホテルです。博多・中洲・天神へのアクセスも抜群,7260,120956.0,469638.78,811‐2205,福岡県,糟屋郡志免町別府2-18-1,092-624-6688,092-624-6677,地下鉄　福岡空港駅より徒歩にて約12分,有り　32台　1泊１区画800円（※2tロング以上は１区画1600円）　要予約,福岡空港,https://img.travel.rakuten.co.jp/share/HOTEL/178967/178967.jpg,https://img.travel.rakuten.co.jp/HIMG/90/178967.jpg,,,https://img.travel.rakuten.co.jp/share/HOTEL/178967/178967map.gif,757.0,4.08,,sw,エグゼクティブキング,4844493.0,【九州・中国地方の方におすすめ】一押し和洋食朝食ビュッフェ付きプラン,1,0,0,1,0,2,https://img.travel.rakuten.co.jp/image/tr/api/re/IdsCY/?f_no=178967&f_syu=sw&f_hi1=2026-09-20&f_hi2=2026-09-21&f_heya_su=1&f_otona_su=1&f_s1=0&f_s2=0&f_y1=0&f_y2=0&f_y3=0&f_y4=0&f_camp_id=4844493,0,2026-09-20,54050,54050,0,2026-09-20,fukuoka
180583,ホテル・トリフィート博多祇園,https://img.travel.rakuten.co.jp/image/tr/api/re/pvonD/?f_no=180583,https://img.travel.rakuten.co.jp/image/tr/api/re/vFumt/?f_no=180583&f_flg=PLAN,https://img.travel.rakuten.co.jp/image/tr/api/re/WzozX/?noTomariHotel=180583,https://img.travel.rakuten.co.jp/image/tr/api/re/gJNfM/?f_hotel_no=180583,ほてるとりふぃーとはかたぎおん,■【大浴場】完備■地下鉄「祇園駅」徒歩5分■中洲・博多、徒歩圏内■「マリンメッセ」までバス7分■未就学児の添い寝「無料」,4170,120929.81,469487.18,812-0039,福岡県,福岡市博多区冷泉町8-24,092-283-7060,092-283-7061,■地下鉄「祇園駅」徒歩5分■西鉄バス停「奥の堂」徒歩3分■福岡空港 地下鉄利用で最短15分■マリンメッセまでバスで7分,有り（屋外/高さ制限無し）　7台　1980円（税込み/泊）　先着順（事前予約不可）,祇園（福岡）,https://img.travel.rakuten.co.jp/share/HOTEL/180583/180583.jpg,https://img.travel.rakuten.co.jp/HIMG/90/180583.jpg,,,https://img.travel.rakuten.co.jp/share/HOTEL/180583/180583map.gif,793.0,4.14,,unv,ユニバーサルルーム 120cm幅ベッド×1台/車椅子利用可 ,6482969.0,当日限定！当館1部屋「ユニバーサルルーム」。22平米の広さに120cmベッド×1台。素泊まり,1,0,0,0,0,1,https://img.travel.rakuten.co.jp/image/tr/api/re/JlnYS/?f_no=180583&f_syu=unv&f_hi1=2026-09-20&f_hi2=2026-09-21&f_heya_su=1&f_otona_su=1&f_s1=0&f_s2=0&f_y1=0&f_y2=0&f_y3=0&f_y4=0&f_camp_id=6482969,2,2026-09-20,26150,26150,0,2026-09-20,fukuoka
345,ＡＮＡクラウンプラザホテル福岡　ｂｙ　ＩＨＧ,https://img.travel.rakuten.co.jp/image/tr/api/re/pvonD/?f_no=345,https://img.travel.rakuten.co.jp/image/tr/api/re/vFumt/?f_no=345&f_flg=PLAN,https://img.travel.rakuten.co.jp/image/tr/api/re/WzozX/?noTomariHotel=345,https://img.travel.rakuten.co.jp/image/tr/api/re/gJNfM/?f_hotel_no=345,えーえぬえー　クラウンプラザホテルフクオカ,福岡でのビジネス、観光の拠点として、安心で快適なラグジュアリー空間をご提供し、博多のコトを最もよく知るホテルのひとつです,8825,120902.68,469512.25,812-0011,福岡県,福岡市博多区博多駅前3-3-3,092-471-7111,092-471-1109,■ＪＲ博多駅【博多口】より徒歩約5分　■福岡空港国内線ターミナルより車で約15分,"地下に屋内駐車場あり（98台）　1泊1,600円（高さ制限2M・先着順・ 24時間入出庫可）",博多,https://img.travel.rakuten.co.jp/share/HOTEL/345/345.jpg,https://img.travel.rakuten.co.jp/HIMG/90/345.jpg,https://img.travel.rakuten.co.jp/share/HOTEL/345/345_room.jpg,https://img.travel.rakuten.co.jp/HIMG/INTERIOR/345.jpg,https://img.travel.rakuten.co.jp/share/HOTEL/345/345map.gif,2423.0,4.42,"フロントから部屋まで荷物をホテルマンに運んでいただき、最近見なくなったサービスなので感動しました。　2026-09-14 20:44:46投稿 <a href=""https://img.travel.rakuten.co.jp/image/tr/api/re/gJNfM/?f_hotel_no=345"" class=""3click"">つづきはこちら</a>",osin,スタンダードシングルルーム【禁煙】15平米,976530.0,◆Daily Price◆日にち変動型の基本プラン　〜素泊まり〜　JR博多駅博多口より徒歩約5分,1,0,0,0,0,1,https://img.travel.rakuten.co.jp/image/tr/api/re/IdsCY/?f_no=345&f_syu=osin&f_hi1=2026-09-20&f_hi2=2026-09-21&f_heya_su=1&f_otona_su=1&f_s1=0&f_s2=0&f_y1=0&f_y2=0&f_y3=0&f_y4=0&f_camp_id=976530,0,2026-09-20,44500,44500,0,2026-09-20,fukuoka
166975,東急ステイ博多,https://img.travel.rakuten.co.jp/image/tr/api/re/pvonD/?f_no=166975,https://img.travel.rakuten.co.jp/image/tr/api/re/vFumt/?f_no=166975&f_flg=PLAN,https://img.travel.rakuten.co.jp/image/tr/api/re/WzozX/?noTomariHotel=166975,https://img.travel.rakuten.co.jp/image/tr/api/re/gJNfM/?f_hotel_no=166975,とうきゅうすていはかた,全室に洗濯乾燥機・電子レンジ完備！連泊・中長期の滞在に便利♪♪,5500,120895.8,469524.24,812-0016,福岡県,福岡市博多区博多駅南1-11-11,092-431-1091,092-431-1092,福岡市地下鉄空港線博多駅　東5番出口より徒歩7分　/　JR博多駅　筑紫口より徒歩8分,無し。近隣のコインパーキングをご利用ください（提携駐車場はございません）。,博多,https://img.travel.rakuten.co.jp/share/HOTEL/166975/166975.jpg,https://img.travel.rakuten.co.jp/HIMG/90/166975.jpg,,,https://img.travel.rakuten.co.jp/share/HOTEL/166975/166975map.gif,1061.0,4.32,,residen_tw,レジデンシャルツイン【禁煙】24平米／洗濯機・ミニキッチン付,5581370.0,【5％OFF】【楽天スーパーSALE】ビジネス＆観光の拠点に！洗濯乾燥機完備【1名】（朝食付）,1,0,0,1,0,1,https://img.travel.rakuten.co.jp/image/tr/api/re/IdsCY/?f_no=166975&f_syu=residen_tw&f_hi1=2026-09-20&f_hi2=2026-09-21&f_heya_su=1&f_otona_su=1&f_s1=0&f_s2=0&f_y1=0&f_y2=0&f_y3=0&f_y4=0&f_camp_id=5581370,0,2026-09-20,61800,61800,0,2026-09-20,fukuoka
67260,ＴＨＥ　ＬＵＩＧＡＮＳ　Ｓｐａ＆Ｒｅｓｏｒｔ(ザ・ルイガンズ.　スパ＆リゾート),https://img.travel.rakuten.co.jp/image/tr/api/re/pvonD/?f_no=67260,https://img.travel.rakuten.co.jp/image/tr/api/re/vFumt/?f_no=67260&f_flg=PLAN,https://img.travel.rakuten.co.jp/image/tr/api/re/WzozX/?noTomariHotel=67260,https://img.travel.rakuten.co.jp/image/tr/api/re/gJNfM/?f_hotel_no=67260,ざ・るいがんず,【福岡で近場リゾート】博多中心部から車で20分！福岡でありながら海外を感じるリゾートホテル！大浴場＆無料バスあり,5175,121174.54,469318.49,811-0321,福岡県,福岡市東区西戸崎18-25,092-603-2525,092-603-2828,博多から車で最短約20分、無料送迎バス、無料駐車場、福岡空港まで最短約30分。JR香椎線「海ノ中道」より徒歩約6分,屋外駐車場有　１００台／宿泊者は無料／予約不要,海ノ中道,https://img.travel.rakuten.co.jp/share/HOTEL/67260/67260.jpg,https://img.travel.rakuten.co.jp/HIMG/90/67260.jpg,https://img.travel.rakuten.co.jp/share/HOTEL/67260/67260_k.jpg,https://img.travel.rakuten.co.jp/HIMG/INTERIOR/67260.jpg,https://img.travel.rakuten.co.jp/share/HOTEL/67260/67260map.gif,2237.0,4.34,"一日目はマリンワールドのチケット付きプランでしたので、二日目は夕食有りのプランにしました。朝食会場と同じラウンジ・オン・ウォーターでのイタリアンコースです。飲み物代は含まれていませんので別途注文する必…　2026-09-18 17:21:02投稿 <a href=""https://img.travel.rakuten.co.jp/image/tr/api/re/gJNfM/?f_hotel_no=67260"" class=""3click"">つづきはこちら</a>",bkr,【ファミリーに人気】バラガンキディルーム（3-4F33平米）,6189448.0,【Room Only】16時イン／11時アウト（朝食追加可能）｜ルイガンズは3名以上宿泊がお得,1,0,0,0,0,2,https://img.travel.rakuten.co.jp/image/tr/api/re/IdsCY/?f_no=67260&f_syu=bkr&f_hi1=2026-09-20&f_hi2=2026-09-21&f_heya_su=1&f_otona_su=1&f_s1=0&f_s2=0&f_y1=0&f_y2=0&f_y3=0&f_y4=0&f_camp_id=6189448,0,2026-09-20,76774,76774,0,2026-09-20,fukuoka
168722,オリエンタルホテル福岡　博多ステーション,https://img.travel.rakuten.co.jp/image/tr/api/re/pvonD/?f_no=168722,https://img.travel.rakuten.co.jp/image/tr/api/re/vFumt/?f_no=168722&f_flg=PLAN,https://img.travel.rakuten.co.jp/image/tr/api/re/WzozX/?noTomariHotel=168722,https://img.travel.rakuten.co.jp/image/tr/api/re/gJNfM/?f_hotel_no=168722,おりえんたるほてるふくおか　はかたすてーしょん,【JR博多駅隣接＆地下鉄博多駅直結】朝食レストランがグランドオープン☆ホテルこだわりの朝食ブッフェをお愉しみください！,10080,120914.18,469527.51,812-0012,福岡県,福岡市博多区博多駅中央街4-23,092-461-0170,092-461-0171,JR「博多駅」筑紫口から徒歩1分。福岡空港から地下鉄空港線で所要時間5分＆地下鉄「博多駅」直結,"Dパーキング(ホテル1F)/オオイパーキング博多駅東(竹下通り向かい):24H2,000円※予約不可",博多,https://img.travel.rakuten.co.jp/share/HOTEL/168722/168722.jpg,https://img.travel.rakuten.co.jp/HIMG/90/168722.jpg,,,https://img.travel.rakuten.co.jp/share/HOTEL/168722/168722map.gif,448.0,4.18,"博多駅すぐの高立地が決め手でした。大人2人＆子供2人で一泊しました。リノベーションされているようでしたが建物が古い感じがしました。そして土曜日とはいえ一泊8万円とはとても高額でその割に部屋は普通でした…　2026-07-12 09:45:56投稿 <a href=""https://img.travel.rakuten.co.jp/image/tr/api/re/gJNfM/?f_hotel_no=168722"" class=""3click"">つづきはこちら</a>",dxda,■デラックスダブル 26平米（禁煙・キングサイズベッド）,6578210.0,【楽天スーパーSALE】秋冬の福岡旅におすすめ☆博多駅直結＆スマートTV完備（朝食ブッフェ付）,1,0,0,1,0,1,https://img.travel.rakuten.co.jp/image/tr/api/re/IdsCY/?f_no=168722&f_syu=dxda&f_hi1=2026-09-20&f_hi2=2026-09-21&f_heya_su=1&f_otona_su=1&f_s1=0&f_s2=0&f_y1=0&f_y2=0&f_y3=0&f_y4=0&f_camp_id=6578210,0,2026-09-20,94410,94410,0,2026-09-20,fukuoka
182102,ＥＮ　ＨＯＴＥＬ　Ｈａｋａｔａ（エンホテル博多）,https://img.travel.rakuten.co.jp/image/tr/api/re/pvonD/?f_no=182102,https://img.travel.rakuten.co.jp/image/tr/api/re/vFumt/?f_no=182102&f_flg=PLAN,https://img.travel.rakuten.co.jp/image/tr/api/re/WzozX/?noTomariHotel=182102,https://img.travel.rakuten.co.jp/image/tr/api/re/gJNfM/?f_hotel_no=182102,えん　ほてる　はかた,博多駅（JR・地下鉄）徒歩7分、櫛田神社前駅（地下鉄）徒歩2分、キャナルシティ徒歩2分。スマートTV、Wifi全室完備。,3300,120911.92,469496.68,812-0011,福岡県,福岡市博多区博多駅前3-30-25,092-461-0505,092-475-2680,博多駅（JR・地下鉄）徒歩7分・櫛田神社前駅（地下鉄）徒歩2分,提携駐車場なし。近隣コインパーキング参照,博多,https://img.travel.rakuten.co.jp/share/HOTEL/182102/182102.jpg,https://img.travel.rakuten.co.jp/HIMG/90/182102.jpg,,,https://img.travel.rakuten.co.jp/share/HOTEL/182102/182102map.gif,240.0,3.85,,es,EN Single,4996287.0,◆スタンダードプラン　＊　素泊まり◆,1,0,0,0,0,1,https://img.travel.rakuten.co.jp/image/tr/api/re/IdsCY/?f_no=182102&f_syu=es&f_hi1=2026-09-20&f_hi2=2026-09-21&f_heya_su=1&f_otona_su=1&f_s1=0&f_s2=0&f_y1=0&f_y2=0&f_y3=0&f_y4=0&f_camp_id=4996287,0,2026-09-20,35400,35400,0,2026-09-20,fukuoka
179595,博多の宿　徒然庵,https://img.travel.rakuten.co.jp/image/tr/api/re/pvonD/?f_no=179595,https://img.travel.rakuten.co.jp/image/tr/api/re/vFumt/?f_no=179595&f_flg=PLAN,https://img.travel.rakuten.co.jp/image/tr/api/re/WzozX/?noTomariHotel=179595,https://img.travel.rakuten.co.jp/image/tr/api/re/gJNfM/?f_hotel_no=179595,はかたのやど　つれづれあん,【2025年6月13日～全客室の檜風呂が新品に！】木の香りに包まれる、全室檜風呂付の町屋風の宿。,30800,120939.17,469466.55,812-0029,福岡県,福岡市博多区古門戸町4-4,080-8043-2702,092-235-3903,地下鉄空港線　中洲川端駅より徒歩で約５分,無し※近隣の有料駐車場をご利用ください。,中洲川端,https://img.travel.rakuten.co.jp/share/HOTEL/179595/179595.jpg,https://img.travel.rakuten.co.jp/HIMG/90/179595.jpg,,,https://img.travel.rakuten.co.jp/share/HOTEL/179595/179595map.gif,39.0,4.07,,komond,◆古門戸【50平米／禁煙】,4704841.0,◆【素泊まり】中洲川端駅徒歩５分でアクセス抜群！檜風呂がついた３室のみの町屋風宿屋で上質の寛ぎを,1,0,0,0,0,1,https://img.travel.rakuten.co.jp/image/tr/api/re/IdsCY/?f_no=179595&f_syu=komond&f_hi1=2026-09-20&f_hi2=2026-09-21&f_heya_su=1&f_otona_su=1&f_s1=0&f_s2=0&f_y1=0&f_y2=0&f_y3=0&f_y4=0&f_camp_id=4704841,0,2026-09-20,80520,80520,1,2026-09-20,fukuoka
167131,ホテル　グレートモーニング,https://img.travel.rakuten.co.jp/image/tr/api/re/pvonD/?f_no=167131,https://img.travel.rakuten.co.jp/image/tr/api/re/vFumt/?f_no=167131&f_flg=PLAN,https://img.travel.rakuten.co.jp/image/tr/api/re/WzozX/?noTomariHotel=167131,https://img.travel.rakuten.co.jp/image/tr/api/re/gJNfM/?f_hotel_no=167131,ぐれーともーにんぐ,☆2020年福岡県人気ホテル総合ランキング１位獲得☆　風の無いエアコンでキレイな空気 / 自然素材を使った家具や内装　,11500,120934.09,469481.43,812-0025,福岡県,福岡市博多区店屋町6-3,092-272-1414,092-710-4830,地下鉄「呉服町駅」「中洲川端駅」より徒歩にて約５分／福岡空港よりお車にて約１５分,"提携駐車場あり1,300円（税込／15時&#12316;翌11時まで／紙与パーキング店屋町）",呉服町（福岡）,https://img.travel.rakuten.co.jp/share/HOTEL/167131/167131.jpg,https://img.travel.rakuten.co.jp/HIMG/90/167131.jpg,,,https://img.travel.rakuten.co.jp/share/HOTEL/167131/167131map.gif,90.0,5.0,,double,デラックス ダブル,5549590.0,【18時以降チェックイン・事前決済返金不可】素泊りでシンプルステイ,1,0,0,0,0,2,https://img.travel.rakuten.co.jp/image/tr/api/re/IdsCY/?f_no=167131&f_syu=double&f_hi1=2026-09-20&f_hi2=2026-09-21&f_heya_su=1&f_otona_su=1&f_s1=0&f_s2=0&f_y1=0&f_y2=0&f_y3=0&f_y4=0&f_camp_id=5549590,0,2026-09-20,39000,39000,0,2026-09-20,fukuoka
170439,シャインブライト／民泊,https://img.travel.rakuten.co.jp/image/tr/api/re/pvonD/?f_no=170439,https://img.travel.rakuten.co.jp/image/tr/api/re/vFumt/?f_no=170439&f_flg=PLAN,,https://img.travel.rakuten.co.jp/image/tr/api/re/gJNfM/?f_hotel_no=170439,,　,6264,121006.29,469499.83,812-0055,福岡県,福岡市東区東浜1-7-26　シャインブライト,090-9792-6152,000-000-0000,箱崎宮前駅から徒歩で約３分,有り,箱崎宮前,https://img.travel.rakuten.co.jp/share/HOTEL/170439/170439.jpg,https://img.travel.rakuten.co.jp/HIMG/90/170439.jpg,,,https://img.travel.rakuten.co.jp/share/HOTEL/170439/170439map.gif,1.0,,,r19289_8,Shine Bright 101,5179603.0,【禁煙】ファミリールーム (101),1,0,0,0,0,2,https://img.travel.rakuten.co.jp/image/tr/api/re/IdsCY/?f_no=170439&f_syu=r19289_8&f_hi1=2026-09-20&f_hi2=2026-09-21&f_heya_su=1&f_otona_su=1&f_s1=0&f_s2=0&f_y1=0&f_y2=0&f_y3=0&f_y4=0&f_camp_id=5179603,0,2026-09-20,77952,77952,0,2026-09-20,fukuoka
